,Server,Time_floor,variable,Value
0,authentication#31fa1c1c-c69c-4db1-9e42-06a4034d1501,0,CPU Usage (%),3.846153846153846e-05
400,authentication#31fa1c1c-c69c-4db1-9e42-06a4034d1501,0,Memory Usage (%),3.846153846153846e-06
800,authentication#31fa1c1c-c69c-4db1-9e42-06a4034d1501,0,Latency (s),0.0003846153846153846
1,authentication#31fa1c1c-c69c-4db1-9e42-06a4034d1501,1,CPU Usage (%),3.7037037037037037e-05
401,authentication#31fa1c1c-c69c-4db1-9e42-06a4034d1501,1,Memory Usage (%),3.7037037037037037e-06
801,authentication#31fa1c1c-c69c-4db1-9e42-06a4034d1501,1,Latency (s),0.00037037037037037035
2,authentication#31fa1c1c-c69c-4db1-9e42-06a4034d1501,2,CPU Usage (%),0.0
402,authentication#31fa1c1c-c69c-4db1-9e42-06a4034d1501,2,Memory Usage (%),0.0
802,authentication#31fa1c1c-c69c-4db1-9e42-06a4034d1501,2,Latency (s),0.0
3,authentication#31fa1c1c-c69c-4db1-9e42-06a4034d1501,3,CPU Usage (%),0.0
403,authentication#31fa1c1c-c69c-4db1-9e42-06a4034d1501,3,Memory Usage (%),0.0
803,authentication#31fa1c1c-c69c-4db1-9e42-06a4034d1501,3,Latency (s),0.0
4,authentication#31fa1c1c-c69c-4db1-9e42-06a4034d1501,4,CPU Usage (%),0.00011538461538461538
404,authentication#31fa1c1c-c69c-4db1-9e42-06a4034d1501,4,Memory Usage (%),1.153846153846154e-05
804,authentication#31fa1c1c-c69c-4db1-9e42-06a4034d1501,4,Latency (s),0.0011538461538461537
5,authentication#31fa1c1c-c69c-4db1-9e42-06a4034d1501,5,CPU Usage (%),4e-05
405,authentication#31fa1c1c-c69c-4db1-9e42-06a4034d1501,5,Memory Usage (%),4e-06
805,authentication#31fa1c1c-c69c-4db1-9e42-06a4034d1501,5,Latency (s),0.0004
6,authentication#31fa1c1c-c69c-4db1-9e42-06a4034d1501,6,CPU Usage (%),8e-05
406,authentication#31fa1c1c-c69c-4db1-9e42-06a4034d1501,6,Memory Usage (%),8e-06
806,authentication#31fa1c1c-c69c-4db1-9e42-06a4034d1501,6,Latency (s),0.0008
7,authentication#31fa1c1c-c69c-4db1-9e42-06a4034d1501,7,CPU Usage (%),0.00011538461538461538
407,authentication#31fa1c1c-c69c-4db1-9e42-06a4034d1501,7,Memory Usage (%),1.153846153846154e-05
807,authentication#31fa1c1c-c69c-4db1-9e42-06a4034d1501,7,Latency (s),0.0011538461538461537
8,authentication#31fa1c1c-c69c-4db1-9e42-06a4034d1501,8,CPU Usage (%),7.407407407407407e-05
408,authentication#31fa1c1c-c69c-4db1-9e42-06a4034d1501,8,Memory Usage (%),7.4074074074074075e-06
808,authentication#31fa1c1c-c69c-4db1-9e42-06a4034d1501,8,Latency (s),0.0007407407407407407
9,authentication#31fa1c1c-c69c-4db1-9e42-06a4034d1501,9,CPU Usage (%),0.00010344827586206896
409,authentication#31fa1c1c-c69c-4db1-9e42-06a4034d1501,9,Memory Usage (%),1.0344827586206898e-05
809,authentication#31fa1c1c-c69c-4db1-9e42-06a4034d1501,9,Latency (s),0.0010344827586206897
10,authentication#31fa1c1c-c69c-4db1-9e42-06a4034d1501,10,CPU Usage (%),3.571428571428572e-05
410,authentication#31fa1c1c-c69c-4db1-9e42-06a4034d1501,10,Memory Usage (%),3.5714285714285718e-06
810,authentication#31fa1c1c-c69c-4db1-9e42-06a4034d1501,10,Latency (s),0.00035714285714285714
11,authentication#31fa1c1c-c69c-4db1-9e42-06a4034d1501,11,CPU Usage (%),7.142857142857143e-05
411,authentication#31fa1c1c-c69c-4db1-9e42-06a4034d1501,11,Memory Usage (%),7.1428571428571436e-06
811,authentication#31fa1c1c-c69c-4db1-9e42-06a4034d1501,11,Latency (s),0.0007142857142857143
12,authentication#31fa1c1c-c69c-4db1-9e42-06a4034d1501,12,CPU Usage (%),7.692307692307693e-05
412,authentication#31fa1c1c-c69c-4db1-9e42-06a4034d1501,12,Memory Usage (%),7.692307692307692e-06
812,authentication#31fa1c1c-c69c-4db1-9e42-06a4034d1501,12,Latency (s),0.0007692307692307692
13,authentication#31fa1c1c-c69c-4db1-9e42-06a4034d1501,13,CPU Usage (%),3.571428571428572e-05
413,authentication#31fa1c1c-c69c-4db1-9e42-06a4034d1501,13,Memory Usage (%),3.5714285714285718e-06
813,authentication#31fa1c1c-c69c-4db1-9e42-06a4034d1501,13,Latency (s),0.00035714285714285714
14,authentication#31fa1c1c-c69c-4db1-9e42-06a4034d1501,14,CPU Usage (%),3.571428571428572e-05
414,authentication#31fa1c1c-c69c-4db1-9e42-06a4034d1501,14,Memory Usage (%),3.5714285714285718e-06
814,authentication#31fa1c1c-c69c-4db1-9e42-06a4034d1501,14,Latency (s),0.00035714285714285714
15,authentication#31fa1c1c-c69c-4db1-9e42-06a4034d1501,15,CPU Usage (%),3.7037037037037037e-05
415,authentication#31fa1c1c-c69c-4db1-9e42-06a4034d1501,15,Memory Usage (%),3.7037037037037037e-06
815,authentication#31fa1c1c-c69c-4db1-9e42-06a4034d1501,15,Latency (s),0.00037037037037037035
16,authentication#31fa1c1c-c69c-4db1-9e42-06a4034d1501,16,CPU Usage (%),3.571428571428572e-05
416,authentication#31fa1c1c-c69c-4db1-9e42-06a4034d1501,16,Memory Usage (%),3.5714285714285718e-06
816,authentication#31fa1c1c-c69c-4db1-9e42-06a4034d1501,16,Latency (s),0.00035714285714285714
17,authentication#31fa1c1c-c69c-4db1-9e42-06a4034d1501,17,CPU Usage (%),0.0
417,authentication#31fa1c1c-c69c-4db1-9e42-06a4034d1501,17,Memory Usage (%),0.0
817,authentication#31fa1c1c-c69c-4db1-9e42-06a4034d1501,17,Latency (s),0.0
18,authentication#31fa1c1c-c69c-4db1-9e42-06a4034d1501,18,CPU Usage (%),7.692307692307693e-05
418,authentication#31fa1c1c-c69c-4db1-9e42-06a4034d1501,18,Memory Usage (%),7.692307692307692e-06
818,authentication#31fa1c1c-c69c-4db1-9e42-06a4034d1501,18,Latency (s),0.0007692307692307692
19,authentication#31fa1c1c-c69c-4db1-9e42-06a4034d1501,19,CPU Usage (%),7.142857142857143e-05
419,authentication#31fa1c1c-c69c-4db1-9e42-06a4034d1501,19,Memory Usage (%),7.1428571428571436e-06
819,authentication#31fa1c1c-c69c-4db1-9e42-06a4034d1501,19,Latency (s),0.0007142857142857143
20,authentication#31fa1c1c-c69c-4db1-9e42-06a4034d1501,20,CPU Usage (%),0.0
420,authentication#31fa1c1c-c69c-4db1-9e42-06a4034d1501,20,Memory Usage (%),0.0
820,authentication#31fa1c1c-c69c-4db1-9e42-06a4034d1501,20,Latency (s),0.0
21,authentication#31fa1c1c-c69c-4db1-9e42-06a4034d1501,21,CPU Usage (%),0.0
421,authentication#31fa1c1c-c69c-4db1-9e42-06a4034d1501,21,Memory Usage (%),0.0
821,authentication#31fa1c1c-c69c-4db1-9e42-06a4034d1501,21,Latency (s),0.0
22,authentication#31fa1c1c-c69c-4db1-9e42-06a4034d1501,22,CPU Usage (%),0.0
422,authentication#31fa1c1c-c69c-4db1-9e42-06a4034d1501,22,Memory Usage (%),0.0
822,authentication#31fa1c1c-c69c-4db1-9e42-06a4034d1501,22,Latency (s),0.0
23,authentication#31fa1c1c-c69c-4db1-9e42-06a4034d1501,23,CPU Usage (%),0.0
423,authentication#31fa1c1c-c69c-4db1-9e42-06a4034d1501,23,Memory Usage (%),0.0
823,authentication#31fa1c1c-c69c-4db1-9e42-06a4034d1501,23,Latency (s),0.0
24,authentication#31fa1c1c-c69c-4db1-9e42-06a4034d1501,24,CPU Usage (%),0.00011111111111111112
424,authentication#31fa1c1c-c69c-4db1-9e42-06a4034d1501,24,Memory Usage (%),1.1111111111111112e-05
824,authentication#31fa1c1c-c69c-4db1-9e42-06a4034d1501,24,Latency (s),0.0011111111111111111
25,authentication#31fa1c1c-c69c-4db1-9e42-06a4034d1501,25,CPU Usage (%),3.7037037037037037e-05
425,authentication#31fa1c1c-c69c-4db1-9e42-06a4034d1501,25,Memory Usage (%),3.7037037037037037e-06
825,authentication#31fa1c1c-c69c-4db1-9e42-06a4034d1501,25,Latency (s),0.00037037037037037035
26,authentication#31fa1c1c-c69c-4db1-9e42-06a4034d1501,26,CPU Usage (%),0.0
426,authentication#31fa1c1c-c69c-4db1-9e42-06a4034d1501,26,Memory Usage (%),0.0
826,authentication#31fa1c1c-c69c-4db1-9e42-06a4034d1501,26,Latency (s),0.0
27,authentication#31fa1c1c-c69c-4db1-9e42-06a4034d1501,27,CPU Usage (%),0.0
427,authentication#31fa1c1c-c69c-4db1-9e42-06a4034d1501,27,Memory Usage (%),0.0
827,authentication#31fa1c1c-c69c-4db1-9e42-06a4034d1501,27,Latency (s),0.0
28,authentication#31fa1c1c-c69c-4db1-9e42-06a4034d1501,28,CPU Usage (%),0.0
428,authentication#31fa1c1c-c69c-4db1-9e42-06a4034d1501,28,Memory Usage (%),0.0
828,authentication#31fa1c1c-c69c-4db1-9e42-06a4034d1501,28,Latency (s),0.0
29,authentication#31fa1c1c-c69c-4db1-9e42-06a4034d1501,29,CPU Usage (%),3.7037037037037037e-05
429,authentication#31fa1c1c-c69c-4db1-9e42-06a4034d1501,29,Memory Usage (%),3.7037037037037037e-06
829,authentication#31fa1c1c-c69c-4db1-9e42-06a4034d1501,29,Latency (s),0.00037037037037037035
30,authentication#31fa1c1c-c69c-4db1-9e42-06a4034d1501,30,CPU Usage (%),3.7037037037037037e-05
430,authentication#31fa1c1c-c69c-4db1-9e42-06a4034d1501,30,Memory Usage (%),3.7037037037037037e-06
830,authentication#31fa1c1c-c69c-4db1-9e42-06a4034d1501,30,Latency (s),0.00037037037037037035
31,authentication#31fa1c1c-c69c-4db1-9e42-06a4034d1501,31,CPU Usage (%),7.407407407407407e-05
431,authentication#31fa1c1c-c69c-4db1-9e42-06a4034d1501,31,Memory Usage (%),7.4074074074074075e-06
831,authentication#31fa1c1c-c69c-4db1-9e42-06a4034d1501,31,Latency (s),0.0007407407407407407
32,authentication#31fa1c1c-c69c-4db1-9e42-06a4034d1501,32,CPU Usage (%),7.692307692307693e-05
432,authentication#31fa1c1c-c69c-4db1-9e42-06a4034d1501,32,Memory Usage (%),7.692307692307692e-06
832,authentication#31fa1c1c-c69c-4db1-9e42-06a4034d1501,32,Latency (s),0.0003846153846153846
33,authentication#31fa1c1c-c69c-4db1-9e42-06a4034d1501,33,CPU Usage (%),0.0
433,authentication#31fa1c1c-c69c-4db1-9e42-06a4034d1501,33,Memory Usage (%),0.0
833,authentication#31fa1c1c-c69c-4db1-9e42-06a4034d1501,33,Latency (s),0.0004
34,authentication#31fa1c1c-c69c-4db1-9e42-06a4034d1501,34,CPU Usage (%),0.0
434,authentication#31fa1c1c-c69c-4db1-9e42-06a4034d1501,34,Memory Usage (%),0.0
834,authentication#31fa1c1c-c69c-4db1-9e42-06a4034d1501,34,Latency (s),0.0
35,authentication#31fa1c1c-c69c-4db1-9e42-06a4034d1501,35,CPU Usage (%),3.4482758620689657e-05
435,authentication#31fa1c1c-c69c-4db1-9e42-06a4034d1501,35,Memory Usage (%),3.448275862068966e-06
835,authentication#31fa1c1c-c69c-4db1-9e42-06a4034d1501,35,Latency (s),0.0003448275862068966
36,authentication#31fa1c1c-c69c-4db1-9e42-06a4034d1501,36,CPU Usage (%),8e-05
436,authentication#31fa1c1c-c69c-4db1-9e42-06a4034d1501,36,Memory Usage (%),8e-06
836,authentication#31fa1c1c-c69c-4db1-9e42-06a4034d1501,36,Latency (s),0.0008
37,authentication#31fa1c1c-c69c-4db1-9e42-06a4034d1501,37,CPU Usage (%),3.7037037037037037e-05
437,authentication#31fa1c1c-c69c-4db1-9e42-06a4034d1501,37,Memory Usage (%),3.7037037037037037e-06
837,authentication#31fa1c1c-c69c-4db1-9e42-06a4034d1501,37,Latency (s),0.0
38,authentication#31fa1c1c-c69c-4db1-9e42-06a4034d1501,38,CPU Usage (%),7.407407407407407e-05
438,authentication#31fa1c1c-c69c-4db1-9e42-06a4034d1501,38,Memory Usage (%),7.4074074074074075e-06
838,authentication#31fa1c1c-c69c-4db1-9e42-06a4034d1501,38,Latency (s),0.0007407407407407407
39,authentication#31fa1c1c-c69c-4db1-9e42-06a4034d1501,39,CPU Usage (%),0.0
439,authentication#31fa1c1c-c69c-4db1-9e42-06a4034d1501,39,Memory Usage (%),0.0
839,authentication#31fa1c1c-c69c-4db1-9e42-06a4034d1501,39,Latency (s),0.0
40,authentication#31fa1c1c-c69c-4db1-9e42-06a4034d1501,40,CPU Usage (%),0.00012
440,authentication#31fa1c1c-c69c-4db1-9e42-06a4034d1501,40,Memory Usage (%),1.2e-05
840,authentication#31fa1c1c-c69c-4db1-9e42-06a4034d1501,40,Latency (s),0.0012
41,authentication#31fa1c1c-c69c-4db1-9e42-06a4034d1501,41,CPU Usage (%),7.692307692307693e-05
441,authentication#31fa1c1c-c69c-4db1-9e42-06a4034d1501,41,Memory Usage (%),7.692307692307692e-06
841,authentication#31fa1c1c-c69c-4db1-9e42-06a4034d1501,41,Latency (s),0.0003846153846153846
42,authentication#31fa1c1c-c69c-4db1-9e42-06a4034d1501,42,CPU Usage (%),0.00011538461538461538
442,authentication#31fa1c1c-c69c-4db1-9e42-06a4034d1501,42,Memory Usage (%),1.153846153846154e-05
842,authentication#31fa1c1c-c69c-4db1-9e42-06a4034d1501,42,Latency (s),0.0011538461538461537
43,authentication#31fa1c1c-c69c-4db1-9e42-06a4034d1501,43,CPU Usage (%),8e-05
443,authentication#31fa1c1c-c69c-4db1-9e42-06a4034d1501,43,Memory Usage (%),8e-06
843,authentication#31fa1c1c-c69c-4db1-9e42-06a4034d1501,43,Latency (s),0.0008
44,authentication#31fa1c1c-c69c-4db1-9e42-06a4034d1501,44,CPU Usage (%),0.00010714285714285715
444,authentication#31fa1c1c-c69c-4db1-9e42-06a4034d1501,44,Memory Usage (%),1.0714285714285716e-05
844,authentication#31fa1c1c-c69c-4db1-9e42-06a4034d1501,44,Latency (s),0.0010714285714285715
45,authentication#31fa1c1c-c69c-4db1-9e42-06a4034d1501,45,CPU Usage (%),0.00015384615384615385
445,authentication#31fa1c1c-c69c-4db1-9e42-06a4034d1501,45,Memory Usage (%),1.5384615384615384e-05
845,authentication#31fa1c1c-c69c-4db1-9e42-06a4034d1501,45,Latency (s),0.0011538461538461537
46,authentication#31fa1c1c-c69c-4db1-9e42-06a4034d1501,46,CPU Usage (%),8e-05
446,authentication#31fa1c1c-c69c-4db1-9e42-06a4034d1501,46,Memory Usage (%),8e-06
846,authentication#31fa1c1c-c69c-4db1-9e42-06a4034d1501,46,Latency (s),0.0008
47,authentication#31fa1c1c-c69c-4db1-9e42-06a4034d1501,47,CPU Usage (%),0.0
447,authentication#31fa1c1c-c69c-4db1-9e42-06a4034d1501,47,Memory Usage (%),0.0
847,authentication#31fa1c1c-c69c-4db1-9e42-06a4034d1501,47,Latency (s),0.00035714285714285714
48,authentication#31fa1c1c-c69c-4db1-9e42-06a4034d1501,48,CPU Usage (%),3.846153846153846e-05
448,authentication#31fa1c1c-c69c-4db1-9e42-06a4034d1501,48,Memory Usage (%),3.846153846153846e-06
848,authentication#31fa1c1c-c69c-4db1-9e42-06a4034d1501,48,Latency (s),0.0003846153846153846
49,authentication#31fa1c1c-c69c-4db1-9e42-06a4034d1501,49,CPU Usage (%),0.00011538461538461538
449,authentication#31fa1c1c-c69c-4db1-9e42-06a4034d1501,49,Memory Usage (%),1.153846153846154e-05
849,authentication#31fa1c1c-c69c-4db1-9e42-06a4034d1501,49,Latency (s),0.0007692307692307692
50,authentication#31fa1c1c-c69c-4db1-9e42-06a4034d1501,50,CPU Usage (%),3.846153846153846e-05
450,authentication#31fa1c1c-c69c-4db1-9e42-06a4034d1501,50,Memory Usage (%),3.846153846153846e-06
850,authentication#31fa1c1c-c69c-4db1-9e42-06a4034d1501,50,Latency (s),0.0003846153846153846
51,authentication#31fa1c1c-c69c-4db1-9e42-06a4034d1501,51,CPU Usage (%),0.0
451,authentication#31fa1c1c-c69c-4db1-9e42-06a4034d1501,51,Memory Usage (%),0.0
851,authentication#31fa1c1c-c69c-4db1-9e42-06a4034d1501,51,Latency (s),0.0
52,authentication#31fa1c1c-c69c-4db1-9e42-06a4034d1501,52,CPU Usage (%),7.692307692307693e-05
452,authentication#31fa1c1c-c69c-4db1-9e42-06a4034d1501,52,Memory Usage (%),7.692307692307692e-06
852,authentication#31fa1c1c-c69c-4db1-9e42-06a4034d1501,52,Latency (s),0.0007692307692307692
53,authentication#31fa1c1c-c69c-4db1-9e42-06a4034d1501,53,CPU Usage (%),0.0
453,authentication#31fa1c1c-c69c-4db1-9e42-06a4034d1501,53,Memory Usage (%),0.0
853,authentication#31fa1c1c-c69c-4db1-9e42-06a4034d1501,53,Latency (s),0.0
54,authentication#31fa1c1c-c69c-4db1-9e42-06a4034d1501,54,CPU Usage (%),0.00011538461538461538
454,authentication#31fa1c1c-c69c-4db1-9e42-06a4034d1501,54,Memory Usage (%),1.153846153846154e-05
854,authentication#31fa1c1c-c69c-4db1-9e42-06a4034d1501,54,Latency (s),0.0011538461538461537
55,authentication#31fa1c1c-c69c-4db1-9e42-06a4034d1501,55,CPU Usage (%),0.0
455,authentication#31fa1c1c-c69c-4db1-9e42-06a4034d1501,55,Memory Usage (%),0.0
855,authentication#31fa1c1c-c69c-4db1-9e42-06a4034d1501,55,Latency (s),0.0
56,authentication#31fa1c1c-c69c-4db1-9e42-06a4034d1501,56,CPU Usage (%),3.571428571428572e-05
456,authentication#31fa1c1c-c69c-4db1-9e42-06a4034d1501,56,Memory Usage (%),3.5714285714285718e-06
856,authentication#31fa1c1c-c69c-4db1-9e42-06a4034d1501,56,Latency (s),0.00035714285714285714
57,authentication#31fa1c1c-c69c-4db1-9e42-06a4034d1501,57,CPU Usage (%),3.7037037037037037e-05
457,authentication#31fa1c1c-c69c-4db1-9e42-06a4034d1501,57,Memory Usage (%),3.7037037037037037e-06
857,authentication#31fa1c1c-c69c-4db1-9e42-06a4034d1501,57,Latency (s),0.00037037037037037035
58,authentication#31fa1c1c-c69c-4db1-9e42-06a4034d1501,58,CPU Usage (%),4.1666666666666665e-05
458,authentication#31fa1c1c-c69c-4db1-9e42-06a4034d1501,58,Memory Usage (%),4.166666666666667e-06
858,authentication#31fa1c1c-c69c-4db1-9e42-06a4034d1501,58,Latency (s),0.0004166666666666667
59,authentication#31fa1c1c-c69c-4db1-9e42-06a4034d1501,59,CPU Usage (%),6.896551724137931e-05
459,authentication#31fa1c1c-c69c-4db1-9e42-06a4034d1501,59,Memory Usage (%),6.896551724137932e-06
859,authentication#31fa1c1c-c69c-4db1-9e42-06a4034d1501,59,Latency (s),0.0003448275862068966
60,authentication#31fa1c1c-c69c-4db1-9e42-06a4034d1501,60,CPU Usage (%),8e-05
460,authentication#31fa1c1c-c69c-4db1-9e42-06a4034d1501,60,Memory Usage (%),8e-06
860,authentication#31fa1c1c-c69c-4db1-9e42-06a4034d1501,60,Latency (s),0.0008
61,authentication#31fa1c1c-c69c-4db1-9e42-06a4034d1501,61,CPU Usage (%),0.0
461,authentication#31fa1c1c-c69c-4db1-9e42-06a4034d1501,61,Memory Usage (%),0.0
861,authentication#31fa1c1c-c69c-4db1-9e42-06a4034d1501,61,Latency (s),0.0
62,authentication#31fa1c1c-c69c-4db1-9e42-06a4034d1501,62,CPU Usage (%),0.0
462,authentication#31fa1c1c-c69c-4db1-9e42-06a4034d1501,62,Memory Usage (%),0.0
862,authentication#31fa1c1c-c69c-4db1-9e42-06a4034d1501,62,Latency (s),0.0
63,authentication#31fa1c1c-c69c-4db1-9e42-06a4034d1501,63,CPU Usage (%),0.0
463,authentication#31fa1c1c-c69c-4db1-9e42-06a4034d1501,63,Memory Usage (%),0.0
863,authentication#31fa1c1c-c69c-4db1-9e42-06a4034d1501,63,Latency (s),0.0
64,authentication#31fa1c1c-c69c-4db1-9e42-06a4034d1501,64,CPU Usage (%),0.0
464,authentication#31fa1c1c-c69c-4db1-9e42-06a4034d1501,64,Memory Usage (%),0.0
864,authentication#31fa1c1c-c69c-4db1-9e42-06a4034d1501,64,Latency (s),0.0
65,authentication#31fa1c1c-c69c-4db1-9e42-06a4034d1501,65,CPU Usage (%),3.846153846153846e-05
465,authentication#31fa1c1c-c69c-4db1-9e42-06a4034d1501,65,Memory Usage (%),3.846153846153846e-06
865,authentication#31fa1c1c-c69c-4db1-9e42-06a4034d1501,65,Latency (s),0.0003846153846153846
66,authentication#31fa1c1c-c69c-4db1-9e42-06a4034d1501,66,CPU Usage (%),0.0
466,authentication#31fa1c1c-c69c-4db1-9e42-06a4034d1501,66,Memory Usage (%),0.0
866,authentication#31fa1c1c-c69c-4db1-9e42-06a4034d1501,66,Latency (s),0.0
67,authentication#31fa1c1c-c69c-4db1-9e42-06a4034d1501,67,CPU Usage (%),3.846153846153846e-05
467,authentication#31fa1c1c-c69c-4db1-9e42-06a4034d1501,67,Memory Usage (%),3.846153846153846e-06
867,authentication#31fa1c1c-c69c-4db1-9e42-06a4034d1501,67,Latency (s),0.0003846153846153846
68,authentication#31fa1c1c-c69c-4db1-9e42-06a4034d1501,68,CPU Usage (%),4e-05
468,authentication#31fa1c1c-c69c-4db1-9e42-06a4034d1501,68,Memory Usage (%),4e-06
868,authentication#31fa1c1c-c69c-4db1-9e42-06a4034d1501,68,Latency (s),0.0004
69,authentication#31fa1c1c-c69c-4db1-9e42-06a4034d1501,69,CPU Usage (%),0.0
469,authentication#31fa1c1c-c69c-4db1-9e42-06a4034d1501,69,Memory Usage (%),0.0
869,authentication#31fa1c1c-c69c-4db1-9e42-06a4034d1501,69,Latency (s),0.0
70,authentication#31fa1c1c-c69c-4db1-9e42-06a4034d1501,70,CPU Usage (%),0.0
470,authentication#31fa1c1c-c69c-4db1-9e42-06a4034d1501,70,Memory Usage (%),0.0
870,authentication#31fa1c1c-c69c-4db1-9e42-06a4034d1501,70,Latency (s),0.0
71,authentication#31fa1c1c-c69c-4db1-9e42-06a4034d1501,71,CPU Usage (%),4e-05
471,authentication#31fa1c1c-c69c-4db1-9e42-06a4034d1501,71,Memory Usage (%),4e-06
871,authentication#31fa1c1c-c69c-4db1-9e42-06a4034d1501,71,Latency (s),0.0004
72,authentication#31fa1c1c-c69c-4db1-9e42-06a4034d1501,72,CPU Usage (%),0.0
472,authentication#31fa1c1c-c69c-4db1-9e42-06a4034d1501,72,Memory Usage (%),0.0
872,authentication#31fa1c1c-c69c-4db1-9e42-06a4034d1501,72,Latency (s),0.0
73,authentication#31fa1c1c-c69c-4db1-9e42-06a4034d1501,73,CPU Usage (%),0.0
473,authentication#31fa1c1c-c69c-4db1-9e42-06a4034d1501,73,Memory Usage (%),0.0
873,authentication#31fa1c1c-c69c-4db1-9e42-06a4034d1501,73,Latency (s),0.0
74,authentication#31fa1c1c-c69c-4db1-9e42-06a4034d1501,74,CPU Usage (%),0.0
474,authentication#31fa1c1c-c69c-4db1-9e42-06a4034d1501,74,Memory Usage (%),0.0
874,authentication#31fa1c1c-c69c-4db1-9e42-06a4034d1501,74,Latency (s),0.0
75,authentication#31fa1c1c-c69c-4db1-9e42-06a4034d1501,75,CPU Usage (%),0.0
475,authentication#31fa1c1c-c69c-4db1-9e42-06a4034d1501,75,Memory Usage (%),0.0
875,authentication#31fa1c1c-c69c-4db1-9e42-06a4034d1501,75,Latency (s),0.0
76,authentication#31fa1c1c-c69c-4db1-9e42-06a4034d1501,76,CPU Usage (%),0.0
476,authentication#31fa1c1c-c69c-4db1-9e42-06a4034d1501,76,Memory Usage (%),0.0
876,authentication#31fa1c1c-c69c-4db1-9e42-06a4034d1501,76,Latency (s),0.0
77,authentication#31fa1c1c-c69c-4db1-9e42-06a4034d1501,77,CPU Usage (%),0.00011538461538461538
477,authentication#31fa1c1c-c69c-4db1-9e42-06a4034d1501,77,Memory Usage (%),1.153846153846154e-05
877,authentication#31fa1c1c-c69c-4db1-9e42-06a4034d1501,77,Latency (s),0.0011538461538461537
78,authentication#31fa1c1c-c69c-4db1-9e42-06a4034d1501,78,CPU Usage (%),0.0
478,authentication#31fa1c1c-c69c-4db1-9e42-06a4034d1501,78,Memory Usage (%),0.0
878,authentication#31fa1c1c-c69c-4db1-9e42-06a4034d1501,78,Latency (s),0.0
79,authentication#31fa1c1c-c69c-4db1-9e42-06a4034d1501,79,CPU Usage (%),7.407407407407407e-05
479,authentication#31fa1c1c-c69c-4db1-9e42-06a4034d1501,79,Memory Usage (%),7.4074074074074075e-06
879,authentication#31fa1c1c-c69c-4db1-9e42-06a4034d1501,79,Latency (s),0.0007407407407407407
80,authentication#31fa1c1c-c69c-4db1-9e42-06a4034d1501,80,CPU Usage (%),3.571428571428572e-05
480,authentication#31fa1c1c-c69c-4db1-9e42-06a4034d1501,80,Memory Usage (%),3.5714285714285718e-06
880,authentication#31fa1c1c-c69c-4db1-9e42-06a4034d1501,80,Latency (s),0.00035714285714285714
81,authentication#31fa1c1c-c69c-4db1-9e42-06a4034d1501,81,CPU Usage (%),0.0
481,authentication#31fa1c1c-c69c-4db1-9e42-06a4034d1501,81,Memory Usage (%),0.0
881,authentication#31fa1c1c-c69c-4db1-9e42-06a4034d1501,81,Latency (s),0.0
82,authentication#31fa1c1c-c69c-4db1-9e42-06a4034d1501,82,CPU Usage (%),3.571428571428572e-05
482,authentication#31fa1c1c-c69c-4db1-9e42-06a4034d1501,82,Memory Usage (%),3.5714285714285718e-06
882,authentication#31fa1c1c-c69c-4db1-9e42-06a4034d1501,82,Latency (s),0.00035714285714285714
83,authentication#31fa1c1c-c69c-4db1-9e42-06a4034d1501,83,CPU Usage (%),7.407407407407407e-05
483,authentication#31fa1c1c-c69c-4db1-9e42-06a4034d1501,83,Memory Usage (%),7.4074074074074075e-06
883,authentication#31fa1c1c-c69c-4db1-9e42-06a4034d1501,83,Latency (s),0.0007407407407407407
84,authentication#31fa1c1c-c69c-4db1-9e42-06a4034d1501,84,CPU Usage (%),3.571428571428572e-05
484,authentication#31fa1c1c-c69c-4db1-9e42-06a4034d1501,84,Memory Usage (%),3.5714285714285718e-06
884,authentication#31fa1c1c-c69c-4db1-9e42-06a4034d1501,84,Latency (s),0.0
85,authentication#31fa1c1c-c69c-4db1-9e42-06a4034d1501,85,CPU Usage (%),7.692307692307693e-05
485,authentication#31fa1c1c-c69c-4db1-9e42-06a4034d1501,85,Memory Usage (%),7.692307692307692e-06
885,authentication#31fa1c1c-c69c-4db1-9e42-06a4034d1501,85,Latency (s),0.0011538461538461537
86,authentication#31fa1c1c-c69c-4db1-9e42-06a4034d1501,86,CPU Usage (%),0.0
486,authentication#31fa1c1c-c69c-4db1-9e42-06a4034d1501,86,Memory Usage (%),0.0
886,authentication#31fa1c1c-c69c-4db1-9e42-06a4034d1501,86,Latency (s),0.0
87,authentication#31fa1c1c-c69c-4db1-9e42-06a4034d1501,87,CPU Usage (%),0.0
487,authentication#31fa1c1c-c69c-4db1-9e42-06a4034d1501,87,Memory Usage (%),0.0
887,authentication#31fa1c1c-c69c-4db1-9e42-06a4034d1501,87,Latency (s),0.0
88,authentication#31fa1c1c-c69c-4db1-9e42-06a4034d1501,88,CPU Usage (%),7.692307692307693e-05
488,authentication#31fa1c1c-c69c-4db1-9e42-06a4034d1501,88,Memory Usage (%),7.692307692307692e-06
888,authentication#31fa1c1c-c69c-4db1-9e42-06a4034d1501,88,Latency (s),0.0007692307692307692
89,authentication#31fa1c1c-c69c-4db1-9e42-06a4034d1501,89,CPU Usage (%),0.0
489,authentication#31fa1c1c-c69c-4db1-9e42-06a4034d1501,89,Memory Usage (%),0.0
889,authentication#31fa1c1c-c69c-4db1-9e42-06a4034d1501,89,Latency (s),0.0
90,authentication#31fa1c1c-c69c-4db1-9e42-06a4034d1501,90,CPU Usage (%),0.0
490,authentication#31fa1c1c-c69c-4db1-9e42-06a4034d1501,90,Memory Usage (%),0.0
890,authentication#31fa1c1c-c69c-4db1-9e42-06a4034d1501,90,Latency (s),0.0
91,authentication#31fa1c1c-c69c-4db1-9e42-06a4034d1501,91,CPU Usage (%),0.0
491,authentication#31fa1c1c-c69c-4db1-9e42-06a4034d1501,91,Memory Usage (%),0.0
891,authentication#31fa1c1c-c69c-4db1-9e42-06a4034d1501,91,Latency (s),0.0
92,authentication#31fa1c1c-c69c-4db1-9e42-06a4034d1501,92,CPU Usage (%),3.7037037037037037e-05
492,authentication#31fa1c1c-c69c-4db1-9e42-06a4034d1501,92,Memory Usage (%),3.7037037037037037e-06
892,authentication#31fa1c1c-c69c-4db1-9e42-06a4034d1501,92,Latency (s),0.00037037037037037035
93,authentication#31fa1c1c-c69c-4db1-9e42-06a4034d1501,93,CPU Usage (%),0.0
493,authentication#31fa1c1c-c69c-4db1-9e42-06a4034d1501,93,Memory Usage (%),0.0
893,authentication#31fa1c1c-c69c-4db1-9e42-06a4034d1501,93,Latency (s),0.0
94,authentication#31fa1c1c-c69c-4db1-9e42-06a4034d1501,94,CPU Usage (%),0.0
494,authentication#31fa1c1c-c69c-4db1-9e42-06a4034d1501,94,Memory Usage (%),0.0
894,authentication#31fa1c1c-c69c-4db1-9e42-06a4034d1501,94,Latency (s),0.0
95,authentication#31fa1c1c-c69c-4db1-9e42-06a4034d1501,95,CPU Usage (%),7.692307692307693e-05
495,authentication#31fa1c1c-c69c-4db1-9e42-06a4034d1501,95,Memory Usage (%),7.692307692307692e-06
895,authentication#31fa1c1c-c69c-4db1-9e42-06a4034d1501,95,Latency (s),0.0007692307692307692
96,authentication#31fa1c1c-c69c-4db1-9e42-06a4034d1501,96,CPU Usage (%),0.0
496,authentication#31fa1c1c-c69c-4db1-9e42-06a4034d1501,96,Memory Usage (%),0.0
896,authentication#31fa1c1c-c69c-4db1-9e42-06a4034d1501,96,Latency (s),0.0
97,authentication#31fa1c1c-c69c-4db1-9e42-06a4034d1501,97,CPU Usage (%),7.692307692307693e-05
497,authentication#31fa1c1c-c69c-4db1-9e42-06a4034d1501,97,Memory Usage (%),7.692307692307692e-06
897,authentication#31fa1c1c-c69c-4db1-9e42-06a4034d1501,97,Latency (s),0.0007692307692307692
98,authentication#31fa1c1c-c69c-4db1-9e42-06a4034d1501,98,CPU Usage (%),0.0
498,authentication#31fa1c1c-c69c-4db1-9e42-06a4034d1501,98,Memory Usage (%),0.0
898,authentication#31fa1c1c-c69c-4db1-9e42-06a4034d1501,98,Latency (s),0.0
99,authentication#31fa1c1c-c69c-4db1-9e42-06a4034d1501,99,CPU Usage (%),0.0
499,authentication#31fa1c1c-c69c-4db1-9e42-06a4034d1501,99,Memory Usage (%),0.0
899,authentication#31fa1c1c-c69c-4db1-9e42-06a4034d1501,99,Latency (s),0.0
100,balance#0f8d2cb6-20b5-4c98-b86a-9faf059f6ca6,0,CPU Usage (%),0.00042105263157894745
500,balance#0f8d2cb6-20b5-4c98-b86a-9faf059f6ca6,0,Memory Usage (%),4.210526315789475e-05
900,balance#0f8d2cb6-20b5-4c98-b86a-9faf059f6ca6,0,Latency (s),0.002894736842105263
101,balance#0f8d2cb6-20b5-4c98-b86a-9faf059f6ca6,1,CPU Usage (%),0.00042500000000000014
501,balance#0f8d2cb6-20b5-4c98-b86a-9faf059f6ca6,1,Memory Usage (%),4.2500000000000017e-05
901,balance#0f8d2cb6-20b5-4c98-b86a-9faf059f6ca6,1,Latency (s),0.004250000000000001
102,balance#0f8d2cb6-20b5-4c98-b86a-9faf059f6ca6,2,CPU Usage (%),0.0004000000000000002
502,balance#0f8d2cb6-20b5-4c98-b86a-9faf059f6ca6,2,Memory Usage (%),4.000000000000001e-05
902,balance#0f8d2cb6-20b5-4c98-b86a-9faf059f6ca6,2,Latency (s),0.0032499999999999994
103,balance#0f8d2cb6-20b5-4c98-b86a-9faf059f6ca6,3,CPU Usage (%),0.000435897435897436
503,balance#0f8d2cb6-20b5-4c98-b86a-9faf059f6ca6,3,Memory Usage (%),4.3589743589743604e-05
903,balance#0f8d2cb6-20b5-4c98-b86a-9faf059f6ca6,3,Latency (s),0.0033333333333333335
104,balance#0f8d2cb6-20b5-4c98-b86a-9faf059f6ca6,4,CPU Usage (%),0.0005897435897435899
504,balance#0f8d2cb6-20b5-4c98-b86a-9faf059f6ca6,4,Memory Usage (%),5.8974358974358975e-05
904,balance#0f8d2cb6-20b5-4c98-b86a-9faf059f6ca6,4,Latency (s),0.0041025641025641026
105,balance#0f8d2cb6-20b5-4c98-b86a-9faf059f6ca6,5,CPU Usage (%),0.0004864864864864866
505,balance#0f8d2cb6-20b5-4c98-b86a-9faf059f6ca6,5,Memory Usage (%),4.864864864864866e-05
905,balance#0f8d2cb6-20b5-4c98-b86a-9faf059f6ca6,5,Latency (s),0.0035135135135135128
106,balance#0f8d2cb6-20b5-4c98-b86a-9faf059f6ca6,6,CPU Usage (%),0.000675675675675676
506,balance#0f8d2cb6-20b5-4c98-b86a-9faf059f6ca6,6,Memory Usage (%),6.756756756756757e-05
906,balance#0f8d2cb6-20b5-4c98-b86a-9faf059f6ca6,6,Latency (s),0.0037837837837837833
107,balance#0f8d2cb6-20b5-4c98-b86a-9faf059f6ca6,7,CPU Usage (%),0.000815789473684211
507,balance#0f8d2cb6-20b5-4c98-b86a-9faf059f6ca6,7,Memory Usage (%),8.157894736842105e-05
907,balance#0f8d2cb6-20b5-4c98-b86a-9faf059f6ca6,7,Latency (s),0.004473684210526316
108,balance#0f8d2cb6-20b5-4c98-b86a-9faf059f6ca6,8,CPU Usage (%),0.0005853658536585368
508,balance#0f8d2cb6-20b5-4c98-b86a-9faf059f6ca6,8,Memory Usage (%),5.8536585365853666e-05
908,balance#0f8d2cb6-20b5-4c98-b86a-9faf059f6ca6,8,Latency (s),0.004390243902439024
109,balance#0f8d2cb6-20b5-4c98-b86a-9faf059f6ca6,9,CPU Usage (%),0.0006428571428571431
509,balance#0f8d2cb6-20b5-4c98-b86a-9faf059f6ca6,9,Memory Usage (%),6.428571428571427e-05
909,balance#0f8d2cb6-20b5-4c98-b86a-9faf059f6ca6,9,Latency (s),0.0038095238095238104
110,balance#0f8d2cb6-20b5-4c98-b86a-9faf059f6ca6,10,CPU Usage (%),0.00042857142857142877
510,balance#0f8d2cb6-20b5-4c98-b86a-9faf059f6ca6,10,Memory Usage (%),4.285714285714287e-05
910,balance#0f8d2cb6-20b5-4c98-b86a-9faf059f6ca6,10,Latency (s),0.0030952380952380945
111,balance#0f8d2cb6-20b5-4c98-b86a-9faf059f6ca6,11,CPU Usage (%),0.00048780487804878076
511,balance#0f8d2cb6-20b5-4c98-b86a-9faf059f6ca6,11,Memory Usage (%),4.878048780487806e-05
911,balance#0f8d2cb6-20b5-4c98-b86a-9faf059f6ca6,11,Latency (s),0.003414634146341463
112,balance#0f8d2cb6-20b5-4c98-b86a-9faf059f6ca6,12,CPU Usage (%),0.000605263157894737
512,balance#0f8d2cb6-20b5-4c98-b86a-9faf059f6ca6,12,Memory Usage (%),6.052631578947368e-05
912,balance#0f8d2cb6-20b5-4c98-b86a-9faf059f6ca6,12,Latency (s),0.003947368421052632
113,balance#0f8d2cb6-20b5-4c98-b86a-9faf059f6ca6,13,CPU Usage (%),0.0005853658536585368
513,balance#0f8d2cb6-20b5-4c98-b86a-9faf059f6ca6,13,Memory Usage (%),5.853658536585365e-05
913,balance#0f8d2cb6-20b5-4c98-b86a-9faf059f6ca6,13,Latency (s),0.004146341463414634
114,balance#0f8d2cb6-20b5-4c98-b86a-9faf059f6ca6,14,CPU Usage (%),0.00036585365853658553
514,balance#0f8d2cb6-20b5-4c98-b86a-9faf059f6ca6,14,Memory Usage (%),3.658536585365855e-05
914,balance#0f8d2cb6-20b5-4c98-b86a-9faf059f6ca6,14,Latency (s),0.0036585365853658534
115,balance#0f8d2cb6-20b5-4c98-b86a-9faf059f6ca6,15,CPU Usage (%),0.00047500000000000027
515,balance#0f8d2cb6-20b5-4c98-b86a-9faf059f6ca6,15,Memory Usage (%),4.750000000000001e-05
915,balance#0f8d2cb6-20b5-4c98-b86a-9faf059f6ca6,15,Latency (s),0.004000000000000001
116,balance#0f8d2cb6-20b5-4c98-b86a-9faf059f6ca6,16,CPU Usage (%),0.00048780487804878076
516,balance#0f8d2cb6-20b5-4c98-b86a-9faf059f6ca6,16,Memory Usage (%),4.878048780487806e-05
916,balance#0f8d2cb6-20b5-4c98-b86a-9faf059f6ca6,16,Latency (s),0.0041463414634146335
117,balance#0f8d2cb6-20b5-4c98-b86a-9faf059f6ca6,17,CPU Usage (%),0.0005384615384615388
517,balance#0f8d2cb6-20b5-4c98-b86a-9faf059f6ca6,17,Memory Usage (%),5.3846153846153853e-05
917,balance#0f8d2cb6-20b5-4c98-b86a-9faf059f6ca6,17,Latency (s),0.0035897435897435893
118,balance#0f8d2cb6-20b5-4c98-b86a-9faf059f6ca6,18,CPU Usage (%),0.0005135135135135138
518,balance#0f8d2cb6-20b5-4c98-b86a-9faf059f6ca6,18,Memory Usage (%),5.1351351351351364e-05
918,balance#0f8d2cb6-20b5-4c98-b86a-9faf059f6ca6,18,Latency (s),0.0037837837837837833
119,balance#0f8d2cb6-20b5-4c98-b86a-9faf059f6ca6,19,CPU Usage (%),0.0005238095238095242
519,balance#0f8d2cb6-20b5-4c98-b86a-9faf059f6ca6,19,Memory Usage (%),5.2380952380952384e-05
919,balance#0f8d2cb6-20b5-4c98-b86a-9faf059f6ca6,19,Latency (s),0.004523809523809523
120,balance#0f8d2cb6-20b5-4c98-b86a-9faf059f6ca6,20,CPU Usage (%),0.0003953488372093025
520,balance#0f8d2cb6-20b5-4c98-b86a-9faf059f6ca6,20,Memory Usage (%),3.9534883720930246e-05
920,balance#0f8d2cb6-20b5-4c98-b86a-9faf059f6ca6,20,Latency (s),0.003488372093023255
121,balance#0f8d2cb6-20b5-4c98-b86a-9faf059f6ca6,21,CPU Usage (%),0.00042105263157894755
521,balance#0f8d2cb6-20b5-4c98-b86a-9faf059f6ca6,21,Memory Usage (%),4.210526315789475e-05
921,balance#0f8d2cb6-20b5-4c98-b86a-9faf059f6ca6,21,Latency (s),0.004210526315789474
122,balance#0f8d2cb6-20b5-4c98-b86a-9faf059f6ca6,22,CPU Usage (%),0.00031578947368421064
522,balance#0f8d2cb6-20b5-4c98-b86a-9faf059f6ca6,22,Memory Usage (%),3.157894736842106e-05
922,balance#0f8d2cb6-20b5-4c98-b86a-9faf059f6ca6,22,Latency (s),0.0031578947368421048
123,balance#0f8d2cb6-20b5-4c98-b86a-9faf059f6ca6,23,CPU Usage (%),0.0003947368421052633
523,balance#0f8d2cb6-20b5-4c98-b86a-9faf059f6ca6,23,Memory Usage (%),3.947368421052633e-05
923,balance#0f8d2cb6-20b5-4c98-b86a-9faf059f6ca6,23,Latency (s),0.0042105263157894745
124,balance#0f8d2cb6-20b5-4c98-b86a-9faf059f6ca6,24,CPU Usage (%),0.0005500000000000001
524,balance#0f8d2cb6-20b5-4c98-b86a-9faf059f6ca6,24,Memory Usage (%),5.5000000000000016e-05
924,balance#0f8d2cb6-20b5-4c98-b86a-9faf059f6ca6,24,Latency (s),0.00375
125,balance#0f8d2cb6-20b5-4c98-b86a-9faf059f6ca6,25,CPU Usage (%),0.00047500000000000027
525,balance#0f8d2cb6-20b5-4c98-b86a-9faf059f6ca6,25,Memory Usage (%),4.750000000000001e-05
925,balance#0f8d2cb6-20b5-4c98-b86a-9faf059f6ca6,25,Latency (s),0.0034999999999999996
126,balance#0f8d2cb6-20b5-4c98-b86a-9faf059f6ca6,26,CPU Usage (%),0.0004000000000000002
526,balance#0f8d2cb6-20b5-4c98-b86a-9faf059f6ca6,26,Memory Usage (%),4.000000000000001e-05
926,balance#0f8d2cb6-20b5-4c98-b86a-9faf059f6ca6,26,Latency (s),0.003749999999999999
127,balance#0f8d2cb6-20b5-4c98-b86a-9faf059f6ca6,27,CPU Usage (%),0.00037209302325581415
527,balance#0f8d2cb6-20b5-4c98-b86a-9faf059f6ca6,27,Memory Usage (%),3.720930232558141e-05
927,balance#0f8d2cb6-20b5-4c98-b86a-9faf059f6ca6,27,Latency (s),0.0034883720930232558
128,balance#0f8d2cb6-20b5-4c98-b86a-9faf059f6ca6,28,CPU Usage (%),0.0003953488372093025
528,balance#0f8d2cb6-20b5-4c98-b86a-9faf059f6ca6,28,Memory Usage (%),3.9534883720930246e-05
928,balance#0f8d2cb6-20b5-4c98-b86a-9faf059f6ca6,28,Latency (s),0.003953488372093025
129,balance#0f8d2cb6-20b5-4c98-b86a-9faf059f6ca6,29,CPU Usage (%),0.0004250000000000002
529,balance#0f8d2cb6-20b5-4c98-b86a-9faf059f6ca6,29,Memory Usage (%),4.2500000000000017e-05
929,balance#0f8d2cb6-20b5-4c98-b86a-9faf059f6ca6,29,Latency (s),0.004750000000000001
130,balance#0f8d2cb6-20b5-4c98-b86a-9faf059f6ca6,30,CPU Usage (%),0.000435897435897436
530,balance#0f8d2cb6-20b5-4c98-b86a-9faf059f6ca6,30,Memory Usage (%),4.3589743589743604e-05
930,balance#0f8d2cb6-20b5-4c98-b86a-9faf059f6ca6,30,Latency (s),0.0030769230769230765
131,balance#0f8d2cb6-20b5-4c98-b86a-9faf059f6ca6,31,CPU Usage (%),0.0007000000000000003
531,balance#0f8d2cb6-20b5-4c98-b86a-9faf059f6ca6,31,Memory Usage (%),7e-05
931,balance#0f8d2cb6-20b5-4c98-b86a-9faf059f6ca6,31,Latency (s),0.00425
132,balance#0f8d2cb6-20b5-4c98-b86a-9faf059f6ca6,32,CPU Usage (%),0.0005789473684210528
532,balance#0f8d2cb6-20b5-4c98-b86a-9faf059f6ca6,32,Memory Usage (%),5.789473684210528e-05
932,balance#0f8d2cb6-20b5-4c98-b86a-9faf059f6ca6,32,Latency (s),0.0034210526315789475
133,balance#0f8d2cb6-20b5-4c98-b86a-9faf059f6ca6,33,CPU Usage (%),0.00036842105263157907
533,balance#0f8d2cb6-20b5-4c98-b86a-9faf059f6ca6,33,Memory Usage (%),3.684210526315791e-05
933,balance#0f8d2cb6-20b5-4c98-b86a-9faf059f6ca6,33,Latency (s),0.003684210526315789
134,balance#0f8d2cb6-20b5-4c98-b86a-9faf059f6ca6,34,CPU Usage (%),0.00037500000000000017
534,balance#0f8d2cb6-20b5-4c98-b86a-9faf059f6ca6,34,Memory Usage (%),3.750000000000001e-05
934,balance#0f8d2cb6-20b5-4c98-b86a-9faf059f6ca6,34,Latency (s),0.004000000000000001
135,balance#0f8d2cb6-20b5-4c98-b86a-9faf059f6ca6,35,CPU Usage (%),0.0004047619047619049
535,balance#0f8d2cb6-20b5-4c98-b86a-9faf059f6ca6,35,Memory Usage (%),4.047619047619049e-05
935,balance#0f8d2cb6-20b5-4c98-b86a-9faf059f6ca6,35,Latency (s),0.0038095238095238104
136,balance#0f8d2cb6-20b5-4c98-b86a-9faf059f6ca6,36,CPU Usage (%),0.000648648648648649
536,balance#0f8d2cb6-20b5-4c98-b86a-9faf059f6ca6,36,Memory Usage (%),6.486486486486487e-05
936,balance#0f8d2cb6-20b5-4c98-b86a-9faf059f6ca6,36,Latency (s),0.005135135135135136
137,balance#0f8d2cb6-20b5-4c98-b86a-9faf059f6ca6,37,CPU Usage (%),0.0004000000000000002
537,balance#0f8d2cb6-20b5-4c98-b86a-9faf059f6ca6,37,Memory Usage (%),4.000000000000001e-05
937,balance#0f8d2cb6-20b5-4c98-b86a-9faf059f6ca6,37,Latency (s),0.0032499999999999994
138,balance#0f8d2cb6-20b5-4c98-b86a-9faf059f6ca6,38,CPU Usage (%),0.0004500000000000002
538,balance#0f8d2cb6-20b5-4c98-b86a-9faf059f6ca6,38,Memory Usage (%),4.5000000000000016e-05
938,balance#0f8d2cb6-20b5-4c98-b86a-9faf059f6ca6,38,Latency (s),0.005
139,balance#0f8d2cb6-20b5-4c98-b86a-9faf059f6ca6,39,CPU Usage (%),0.00039130434782608714
539,balance#0f8d2cb6-20b5-4c98-b86a-9faf059f6ca6,39,Memory Usage (%),3.9130434782608706e-05
939,balance#0f8d2cb6-20b5-4c98-b86a-9faf059f6ca6,39,Latency (s),0.0030434782608695647
140,balance#0f8d2cb6-20b5-4c98-b86a-9faf059f6ca6,40,CPU Usage (%),0.0005135135135135138
540,balance#0f8d2cb6-20b5-4c98-b86a-9faf059f6ca6,40,Memory Usage (%),5.1351351351351364e-05
940,balance#0f8d2cb6-20b5-4c98-b86a-9faf059f6ca6,40,Latency (s),0.0045945945945945945
141,balance#0f8d2cb6-20b5-4c98-b86a-9faf059f6ca6,41,CPU Usage (%),0.000605263157894737
541,balance#0f8d2cb6-20b5-4c98-b86a-9faf059f6ca6,41,Memory Usage (%),6.0526315789473695e-05
941,balance#0f8d2cb6-20b5-4c98-b86a-9faf059f6ca6,41,Latency (s),0.0042105263157894745
142,balance#0f8d2cb6-20b5-4c98-b86a-9faf059f6ca6,42,CPU Usage (%),0.000710526315789474
542,balance#0f8d2cb6-20b5-4c98-b86a-9faf059f6ca6,42,Memory Usage (%),7.105263157894735e-05
942,balance#0f8d2cb6-20b5-4c98-b86a-9faf059f6ca6,42,Latency (s),0.004210526315789474
143,balance#0f8d2cb6-20b5-4c98-b86a-9faf059f6ca6,43,CPU Usage (%),0.0005945945945945947
543,balance#0f8d2cb6-20b5-4c98-b86a-9faf059f6ca6,43,Memory Usage (%),5.9459459459459466e-05
943,balance#0f8d2cb6-20b5-4c98-b86a-9faf059f6ca6,43,Latency (s),0.004054054054054054
144,balance#0f8d2cb6-20b5-4c98-b86a-9faf059f6ca6,44,CPU Usage (%),0.0005238095238095242
544,balance#0f8d2cb6-20b5-4c98-b86a-9faf059f6ca6,44,Memory Usage (%),5.2380952380952384e-05
944,balance#0f8d2cb6-20b5-4c98-b86a-9faf059f6ca6,44,Latency (s),0.004285714285714287
145,balance#0f8d2cb6-20b5-4c98-b86a-9faf059f6ca6,45,CPU Usage (%),0.000710526315789474
545,balance#0f8d2cb6-20b5-4c98-b86a-9faf059f6ca6,45,Memory Usage (%),7.105263157894735e-05
945,balance#0f8d2cb6-20b5-4c98-b86a-9faf059f6ca6,45,Latency (s),0.003947368421052633
146,balance#0f8d2cb6-20b5-4c98-b86a-9faf059f6ca6,46,CPU Usage (%),0.000594594594594595
546,balance#0f8d2cb6-20b5-4c98-b86a-9faf059f6ca6,46,Memory Usage (%),5.945945945945947e-05
946,balance#0f8d2cb6-20b5-4c98-b86a-9faf059f6ca6,46,Latency (s),0.004054054054054054
147,balance#0f8d2cb6-20b5-4c98-b86a-9faf059f6ca6,47,CPU Usage (%),0.0002926829268292684
547,balance#0f8d2cb6-20b5-4c98-b86a-9faf059f6ca6,47,Memory Usage (%),2.9268292682926836e-05
947,balance#0f8d2cb6-20b5-4c98-b86a-9faf059f6ca6,47,Latency (s),0.003414634146341463
148,balance#0f8d2cb6-20b5-4c98-b86a-9faf059f6ca6,48,CPU Usage (%),0.0005263157894736845
548,balance#0f8d2cb6-20b5-4c98-b86a-9faf059f6ca6,48,Memory Usage (%),5.263157894736843e-05
948,balance#0f8d2cb6-20b5-4c98-b86a-9faf059f6ca6,48,Latency (s),0.0031578947368421048
149,balance#0f8d2cb6-20b5-4c98-b86a-9faf059f6ca6,49,CPU Usage (%),0.0005263157894736845
549,balance#0f8d2cb6-20b5-4c98-b86a-9faf059f6ca6,49,Memory Usage (%),5.263157894736843e-05
949,balance#0f8d2cb6-20b5-4c98-b86a-9faf059f6ca6,49,Latency (s),0.0044736842105263155
150,balance#0f8d2cb6-20b5-4c98-b86a-9faf059f6ca6,50,CPU Usage (%),0.0005641025641025643
550,balance#0f8d2cb6-20b5-4c98-b86a-9faf059f6ca6,50,Memory Usage (%),5.6410256410256414e-05
950,balance#0f8d2cb6-20b5-4c98-b86a-9faf059f6ca6,50,Latency (s),0.004615384615384616
151,balance#0f8d2cb6-20b5-4c98-b86a-9faf059f6ca6,51,CPU Usage (%),0.00039024390243902447
551,balance#0f8d2cb6-20b5-4c98-b86a-9faf059f6ca6,51,Memory Usage (%),3.902439024390245e-05
951,balance#0f8d2cb6-20b5-4c98-b86a-9faf059f6ca6,51,Latency (s),0.003414634146341464
152,balance#0f8d2cb6-20b5-4c98-b86a-9faf059f6ca6,52,CPU Usage (%),0.00048717948717948736
552,balance#0f8d2cb6-20b5-4c98-b86a-9faf059f6ca6,52,Memory Usage (%),4.871794871794873e-05
952,balance#0f8d2cb6-20b5-4c98-b86a-9faf059f6ca6,52,Latency (s),0.004102564102564103
153,balance#0f8d2cb6-20b5-4c98-b86a-9faf059f6ca6,53,CPU Usage (%),0.0003414634146341465
553,balance#0f8d2cb6-20b5-4c98-b86a-9faf059f6ca6,53,Memory Usage (%),3.414634146341465e-05
953,balance#0f8d2cb6-20b5-4c98-b86a-9faf059f6ca6,53,Latency (s),0.0031707317073170725
154,balance#0f8d2cb6-20b5-4c98-b86a-9faf059f6ca6,54,CPU Usage (%),0.0006842105263157898
554,balance#0f8d2cb6-20b5-4c98-b86a-9faf059f6ca6,54,Memory Usage (%),6.842105263157893e-05
954,balance#0f8d2cb6-20b5-4c98-b86a-9faf059f6ca6,54,Latency (s),0.00368421052631579
155,balance#0f8d2cb6-20b5-4c98-b86a-9faf059f6ca6,55,CPU Usage (%),0.0004473684210526317
555,balance#0f8d2cb6-20b5-4c98-b86a-9faf059f6ca6,55,Memory Usage (%),4.473684210526317e-05
955,balance#0f8d2cb6-20b5-4c98-b86a-9faf059f6ca6,55,Latency (s),0.0042105263157894745
156,balance#0f8d2cb6-20b5-4c98-b86a-9faf059f6ca6,56,CPU Usage (%),0.0004634146341463416
556,balance#0f8d2cb6-20b5-4c98-b86a-9faf059f6ca6,56,Memory Usage (%),4.634146341463416e-05
956,balance#0f8d2cb6-20b5-4c98-b86a-9faf059f6ca6,56,Latency (s),0.0031707317073170734
157,balance#0f8d2cb6-20b5-4c98-b86a-9faf059f6ca6,57,CPU Usage (%),0.0004500000000000002
557,balance#0f8d2cb6-20b5-4c98-b86a-9faf059f6ca6,57,Memory Usage (%),4.500000000000001e-05
957,balance#0f8d2cb6-20b5-4c98-b86a-9faf059f6ca6,57,Latency (s),0.00375
158,balance#0f8d2cb6-20b5-4c98-b86a-9faf059f6ca6,58,CPU Usage (%),0.00044444444444444463
558,balance#0f8d2cb6-20b5-4c98-b86a-9faf059f6ca6,58,Memory Usage (%),4.444444444444446e-05
958,balance#0f8d2cb6-20b5-4c98-b86a-9faf059f6ca6,58,Latency (s),0.004166666666666667
159,balance#0f8d2cb6-20b5-4c98-b86a-9faf059f6ca6,59,CPU Usage (%),0.0005121951219512198
559,balance#0f8d2cb6-20b5-4c98-b86a-9faf059f6ca6,59,Memory Usage (%),5.121951219512196e-05
959,balance#0f8d2cb6-20b5-4c98-b86a-9faf059f6ca6,59,Latency (s),0.0031707317073170725
160,balance#0f8d2cb6-20b5-4c98-b86a-9faf059f6ca6,60,CPU Usage (%),0.0005405405405405409
560,balance#0f8d2cb6-20b5-4c98-b86a-9faf059f6ca6,60,Memory Usage (%),5.405405405405407e-05
960,balance#0f8d2cb6-20b5-4c98-b86a-9faf059f6ca6,60,Latency (s),0.0045945945945945945
161,balance#0f8d2cb6-20b5-4c98-b86a-9faf059f6ca6,61,CPU Usage (%),0.00043902439024390267
561,balance#0f8d2cb6-20b5-4c98-b86a-9faf059f6ca6,61,Memory Usage (%),4.390243902439026e-05
961,balance#0f8d2cb6-20b5-4c98-b86a-9faf059f6ca6,61,Latency (s),0.004390243902439025
162,balance#0f8d2cb6-20b5-4c98-b86a-9faf059f6ca6,62,CPU Usage (%),0.0003953488372093025
562,balance#0f8d2cb6-20b5-4c98-b86a-9faf059f6ca6,62,Memory Usage (%),3.9534883720930246e-05
962,balance#0f8d2cb6-20b5-4c98-b86a-9faf059f6ca6,62,Latency (s),0.003255813953488372
163,balance#0f8d2cb6-20b5-4c98-b86a-9faf059f6ca6,63,CPU Usage (%),0.00037500000000000017
563,balance#0f8d2cb6-20b5-4c98-b86a-9faf059f6ca6,63,Memory Usage (%),3.750000000000001e-05
963,balance#0f8d2cb6-20b5-4c98-b86a-9faf059f6ca6,63,Latency (s),0.0045
164,balance#0f8d2cb6-20b5-4c98-b86a-9faf059f6ca6,64,CPU Usage (%),0.00033333333333333343
564,balance#0f8d2cb6-20b5-4c98-b86a-9faf059f6ca6,64,Memory Usage (%),3.333333333333334e-05
964,balance#0f8d2cb6-20b5-4c98-b86a-9faf059f6ca6,64,Latency (s),0.0030769230769230765
165,balance#0f8d2cb6-20b5-4c98-b86a-9faf059f6ca6,65,CPU Usage (%),0.0005128205128205131
565,balance#0f8d2cb6-20b5-4c98-b86a-9faf059f6ca6,65,Memory Usage (%),5.128205128205129e-05
965,balance#0f8d2cb6-20b5-4c98-b86a-9faf059f6ca6,65,Latency (s),0.0035897435897435893
166,balance#0f8d2cb6-20b5-4c98-b86a-9faf059f6ca6,66,CPU Usage (%),0.00040476190476190495
566,balance#0f8d2cb6-20b5-4c98-b86a-9faf059f6ca6,66,Memory Usage (%),4.047619047619049e-05
966,balance#0f8d2cb6-20b5-4c98-b86a-9faf059f6ca6,66,Latency (s),0.004761904761904763
167,balance#0f8d2cb6-20b5-4c98-b86a-9faf059f6ca6,67,CPU Usage (%),0.0005000000000000001
567,balance#0f8d2cb6-20b5-4c98-b86a-9faf059f6ca6,67,Memory Usage (%),5.0000000000000016e-05
967,balance#0f8d2cb6-20b5-4c98-b86a-9faf059f6ca6,67,Latency (s),0.005000000000000002
168,balance#0f8d2cb6-20b5-4c98-b86a-9faf059f6ca6,68,CPU Usage (%),0.000621621621621622
568,balance#0f8d2cb6-20b5-4c98-b86a-9faf059f6ca6,68,Memory Usage (%),6.216216216216218e-05
968,balance#0f8d2cb6-20b5-4c98-b86a-9faf059f6ca6,68,Latency (s),0.0048648648648648655
169,balance#0f8d2cb6-20b5-4c98-b86a-9faf059f6ca6,69,CPU Usage (%),0.0003571428571428573
569,balance#0f8d2cb6-20b5-4c98-b86a-9faf059f6ca6,69,Memory Usage (%),3.5714285714285724e-05
969,balance#0f8d2cb6-20b5-4c98-b86a-9faf059f6ca6,69,Latency (s),0.003333333333333333
170,balance#0f8d2cb6-20b5-4c98-b86a-9faf059f6ca6,70,CPU Usage (%),0.0004146341463414636
570,balance#0f8d2cb6-20b5-4c98-b86a-9faf059f6ca6,70,Memory Usage (%),4.146341463414635e-05
970,balance#0f8d2cb6-20b5-4c98-b86a-9faf059f6ca6,70,Latency (s),0.004146341463414634
171,balance#0f8d2cb6-20b5-4c98-b86a-9faf059f6ca6,71,CPU Usage (%),0.00043243243243243265
571,balance#0f8d2cb6-20b5-4c98-b86a-9faf059f6ca6,71,Memory Usage (%),4.3243243243243255e-05
971,balance#0f8d2cb6-20b5-4c98-b86a-9faf059f6ca6,71,Latency (s),0.0051351351351351365
172,balance#0f8d2cb6-20b5-4c98-b86a-9faf059f6ca6,72,CPU Usage (%),0.00036585365853658553
572,balance#0f8d2cb6-20b5-4c98-b86a-9faf059f6ca6,72,Memory Usage (%),3.658536585365855e-05
972,balance#0f8d2cb6-20b5-4c98-b86a-9faf059f6ca6,72,Latency (s),0.003658536585365853
173,balance#0f8d2cb6-20b5-4c98-b86a-9faf059f6ca6,73,CPU Usage (%),0.00042857142857142877
573,balance#0f8d2cb6-20b5-4c98-b86a-9faf059f6ca6,73,Memory Usage (%),4.285714285714287e-05
973,balance#0f8d2cb6-20b5-4c98-b86a-9faf059f6ca6,73,Latency (s),0.004285714285714287
174,balance#0f8d2cb6-20b5-4c98-b86a-9faf059f6ca6,74,CPU Usage (%),0.0003902439024390246
574,balance#0f8d2cb6-20b5-4c98-b86a-9faf059f6ca6,74,Memory Usage (%),3.902439024390245e-05
974,balance#0f8d2cb6-20b5-4c98-b86a-9faf059f6ca6,74,Latency (s),0.0039024390243902448
175,balance#0f8d2cb6-20b5-4c98-b86a-9faf059f6ca6,75,CPU Usage (%),0.0004500000000000002
575,balance#0f8d2cb6-20b5-4c98-b86a-9faf059f6ca6,75,Memory Usage (%),4.5000000000000016e-05
975,balance#0f8d2cb6-20b5-4c98-b86a-9faf059f6ca6,75,Latency (s),0.0034999999999999996
176,balance#0f8d2cb6-20b5-4c98-b86a-9faf059f6ca6,76,CPU Usage (%),0.00033333333333333343
576,balance#0f8d2cb6-20b5-4c98-b86a-9faf059f6ca6,76,Memory Usage (%),3.333333333333334e-05
976,balance#0f8d2cb6-20b5-4c98-b86a-9faf059f6ca6,76,Latency (s),0.0030769230769230765
177,balance#0f8d2cb6-20b5-4c98-b86a-9faf059f6ca6,77,CPU Usage (%),0.0005897435897435899
577,balance#0f8d2cb6-20b5-4c98-b86a-9faf059f6ca6,77,Memory Usage (%),5.8974358974358975e-05
977,balance#0f8d2cb6-20b5-4c98-b86a-9faf059f6ca6,77,Latency (s),0.004102564102564103
178,balance#0f8d2cb6-20b5-4c98-b86a-9faf059f6ca6,78,CPU Usage (%),0.0004473684210526317
578,balance#0f8d2cb6-20b5-4c98-b86a-9faf059f6ca6,78,Memory Usage (%),4.473684210526317e-05
978,balance#0f8d2cb6-20b5-4c98-b86a-9faf059f6ca6,78,Latency (s),0.003947368421052633
179,balance#0f8d2cb6-20b5-4c98-b86a-9faf059f6ca6,79,CPU Usage (%),0.0005500000000000004
579,balance#0f8d2cb6-20b5-4c98-b86a-9faf059f6ca6,79,Memory Usage (%),5.5e-05
979,balance#0f8d2cb6-20b5-4c98-b86a-9faf059f6ca6,79,Latency (s),0.0042499999999999994
180,balance#0f8d2cb6-20b5-4c98-b86a-9faf059f6ca6,80,CPU Usage (%),0.0005121951219512198
580,balance#0f8d2cb6-20b5-4c98-b86a-9faf059f6ca6,80,Memory Usage (%),5.121951219512196e-05
980,balance#0f8d2cb6-20b5-4c98-b86a-9faf059f6ca6,80,Latency (s),0.004390243902439024
181,balance#0f8d2cb6-20b5-4c98-b86a-9faf059f6ca6,81,CPU Usage (%),0.00043902439024390256
581,balance#0f8d2cb6-20b5-4c98-b86a-9faf059f6ca6,81,Memory Usage (%),4.390243902439026e-05
981,balance#0f8d2cb6-20b5-4c98-b86a-9faf059f6ca6,81,Latency (s),0.003902439024390244
182,balance#0f8d2cb6-20b5-4c98-b86a-9faf059f6ca6,82,CPU Usage (%),0.0005000000000000002
582,balance#0f8d2cb6-20b5-4c98-b86a-9faf059f6ca6,82,Memory Usage (%),5.000000000000001e-05
982,balance#0f8d2cb6-20b5-4c98-b86a-9faf059f6ca6,82,Latency (s),0.004523809523809524
183,balance#0f8d2cb6-20b5-4c98-b86a-9faf059f6ca6,83,CPU Usage (%),0.0005000000000000001
583,balance#0f8d2cb6-20b5-4c98-b86a-9faf059f6ca6,83,Memory Usage (%),5.000000000000001e-05
983,balance#0f8d2cb6-20b5-4c98-b86a-9faf059f6ca6,83,Latency (s),0.0034999999999999996
184,balance#0f8d2cb6-20b5-4c98-b86a-9faf059f6ca6,84,CPU Usage (%),0.00040476190476190495
584,balance#0f8d2cb6-20b5-4c98-b86a-9faf059f6ca6,84,Memory Usage (%),4.047619047619049e-05
984,balance#0f8d2cb6-20b5-4c98-b86a-9faf059f6ca6,84,Latency (s),0.0035714285714285704
185,balance#0f8d2cb6-20b5-4c98-b86a-9faf059f6ca6,85,CPU Usage (%),0.0005675675675675678
585,balance#0f8d2cb6-20b5-4c98-b86a-9faf059f6ca6,85,Memory Usage (%),5.675675675675676e-05
985,balance#0f8d2cb6-20b5-4c98-b86a-9faf059f6ca6,85,Latency (s),0.0035135135135135128
186,balance#0f8d2cb6-20b5-4c98-b86a-9faf059f6ca6,86,CPU Usage (%),0.00047500000000000016
586,balance#0f8d2cb6-20b5-4c98-b86a-9faf059f6ca6,86,Memory Usage (%),4.7500000000000016e-05
986,balance#0f8d2cb6-20b5-4c98-b86a-9faf059f6ca6,86,Latency (s),0.004
187,balance#0f8d2cb6-20b5-4c98-b86a-9faf059f6ca6,87,CPU Usage (%),0.00043902439024390267
587,balance#0f8d2cb6-20b5-4c98-b86a-9faf059f6ca6,87,Memory Usage (%),4.390243902439026e-05
987,balance#0f8d2cb6-20b5-4c98-b86a-9faf059f6ca6,87,Latency (s),0.003414634146341463
188,balance#0f8d2cb6-20b5-4c98-b86a-9faf059f6ca6,88,CPU Usage (%),0.0006666666666666671
588,balance#0f8d2cb6-20b5-4c98-b86a-9faf059f6ca6,88,Memory Usage (%),6.666666666666667e-05
988,balance#0f8d2cb6-20b5-4c98-b86a-9faf059f6ca6,88,Latency (s),0.004102564102564102
189,balance#0f8d2cb6-20b5-4c98-b86a-9faf059f6ca6,89,CPU Usage (%),0.0003571428571428573
589,balance#0f8d2cb6-20b5-4c98-b86a-9faf059f6ca6,89,Memory Usage (%),3.5714285714285724e-05
989,balance#0f8d2cb6-20b5-4c98-b86a-9faf059f6ca6,89,Latency (s),0.0028571428571428567
190,balance#0f8d2cb6-20b5-4c98-b86a-9faf059f6ca6,90,CPU Usage (%),0.00037500000000000017
590,balance#0f8d2cb6-20b5-4c98-b86a-9faf059f6ca6,90,Memory Usage (%),3.750000000000001e-05
990,balance#0f8d2cb6-20b5-4c98-b86a-9faf059f6ca6,90,Latency (s),0.00375
191,balance#0f8d2cb6-20b5-4c98-b86a-9faf059f6ca6,91,CPU Usage (%),0.0004000000000000001
591,balance#0f8d2cb6-20b5-4c98-b86a-9faf059f6ca6,91,Memory Usage (%),4.000000000000001e-05
991,balance#0f8d2cb6-20b5-4c98-b86a-9faf059f6ca6,91,Latency (s),0.0037500000000000007
192,balance#0f8d2cb6-20b5-4c98-b86a-9faf059f6ca6,92,CPU Usage (%),0.00048717948717948736
592,balance#0f8d2cb6-20b5-4c98-b86a-9faf059f6ca6,92,Memory Usage (%),4.871794871794873e-05
992,balance#0f8d2cb6-20b5-4c98-b86a-9faf059f6ca6,92,Latency (s),0.00435897435897436
193,balance#0f8d2cb6-20b5-4c98-b86a-9faf059f6ca6,93,CPU Usage (%),0.00037500000000000017
593,balance#0f8d2cb6-20b5-4c98-b86a-9faf059f6ca6,93,Memory Usage (%),3.750000000000001e-05
993,balance#0f8d2cb6-20b5-4c98-b86a-9faf059f6ca6,93,Latency (s),0.0029999999999999996
194,balance#0f8d2cb6-20b5-4c98-b86a-9faf059f6ca6,94,CPU Usage (%),0.00043902439024390256
594,balance#0f8d2cb6-20b5-4c98-b86a-9faf059f6ca6,94,Memory Usage (%),4.390243902439026e-05
994,balance#0f8d2cb6-20b5-4c98-b86a-9faf059f6ca6,94,Latency (s),0.003902439024390244
195,balance#0f8d2cb6-20b5-4c98-b86a-9faf059f6ca6,95,CPU Usage (%),0.0006578947368421055
595,balance#0f8d2cb6-20b5-4c98-b86a-9faf059f6ca6,95,Memory Usage (%),6.578947368421052e-05
995,balance#0f8d2cb6-20b5-4c98-b86a-9faf059f6ca6,95,Latency (s),0.0034210526315789475
196,balance#0f8d2cb6-20b5-4c98-b86a-9faf059f6ca6,96,CPU Usage (%),0.0004146341463414635
596,balance#0f8d2cb6-20b5-4c98-b86a-9faf059f6ca6,96,Memory Usage (%),4.146341463414635e-05
996,balance#0f8d2cb6-20b5-4c98-b86a-9faf059f6ca6,96,Latency (s),0.003902439024390244
197,balance#0f8d2cb6-20b5-4c98-b86a-9faf059f6ca6,97,CPU Usage (%),0.0005789473684210528
597,balance#0f8d2cb6-20b5-4c98-b86a-9faf059f6ca6,97,Memory Usage (%),5.789473684210527e-05
997,balance#0f8d2cb6-20b5-4c98-b86a-9faf059f6ca6,97,Latency (s),0.00368421052631579
198,balance#0f8d2cb6-20b5-4c98-b86a-9faf059f6ca6,98,CPU Usage (%),0.0003846153846153848
598,balance#0f8d2cb6-20b5-4c98-b86a-9faf059f6ca6,98,Memory Usage (%),3.8461538461538476e-05
998,balance#0f8d2cb6-20b5-4c98-b86a-9faf059f6ca6,98,Latency (s),0.0033333333333333327
199,balance#0f8d2cb6-20b5-4c98-b86a-9faf059f6ca6,99,CPU Usage (%),0.00042500000000000014
599,balance#0f8d2cb6-20b5-4c98-b86a-9faf059f6ca6,99,Memory Usage (%),4.2500000000000017e-05
999,balance#0f8d2cb6-20b5-4c98-b86a-9faf059f6ca6,99,Latency (s),0.0037500000000000007
200,credit#25432ada-666d-4840-aeda-e8826ab67685,0,CPU Usage (%),0.0
600,credit#25432ada-666d-4840-aeda-e8826ab67685,0,Memory Usage (%),0.0
1000,credit#25432ada-666d-4840-aeda-e8826ab67685,0,Latency (s),0.0
201,credit#25432ada-666d-4840-aeda-e8826ab67685,1,CPU Usage (%),0.0
601,credit#25432ada-666d-4840-aeda-e8826ab67685,1,Memory Usage (%),0.0
1001,credit#25432ada-666d-4840-aeda-e8826ab67685,1,Latency (s),0.0
202,credit#25432ada-666d-4840-aeda-e8826ab67685,2,CPU Usage (%),0.0
602,credit#25432ada-666d-4840-aeda-e8826ab67685,2,Memory Usage (%),0.0
1002,credit#25432ada-666d-4840-aeda-e8826ab67685,2,Latency (s),0.0
203,credit#25432ada-666d-4840-aeda-e8826ab67685,3,CPU Usage (%),0.0
603,credit#25432ada-666d-4840-aeda-e8826ab67685,3,Memory Usage (%),0.0
1003,credit#25432ada-666d-4840-aeda-e8826ab67685,3,Latency (s),0.0
204,credit#25432ada-666d-4840-aeda-e8826ab67685,4,CPU Usage (%),0.0
604,credit#25432ada-666d-4840-aeda-e8826ab67685,4,Memory Usage (%),0.0
1004,credit#25432ada-666d-4840-aeda-e8826ab67685,4,Latency (s),0.0
205,credit#25432ada-666d-4840-aeda-e8826ab67685,5,CPU Usage (%),0.0
605,credit#25432ada-666d-4840-aeda-e8826ab67685,5,Memory Usage (%),0.0
1005,credit#25432ada-666d-4840-aeda-e8826ab67685,5,Latency (s),0.0
206,credit#25432ada-666d-4840-aeda-e8826ab67685,6,CPU Usage (%),0.0
606,credit#25432ada-666d-4840-aeda-e8826ab67685,6,Memory Usage (%),0.0
1006,credit#25432ada-666d-4840-aeda-e8826ab67685,6,Latency (s),0.0
207,credit#25432ada-666d-4840-aeda-e8826ab67685,7,CPU Usage (%),0.0
607,credit#25432ada-666d-4840-aeda-e8826ab67685,7,Memory Usage (%),0.0
1007,credit#25432ada-666d-4840-aeda-e8826ab67685,7,Latency (s),0.0
208,credit#25432ada-666d-4840-aeda-e8826ab67685,8,CPU Usage (%),0.0
608,credit#25432ada-666d-4840-aeda-e8826ab67685,8,Memory Usage (%),0.0
1008,credit#25432ada-666d-4840-aeda-e8826ab67685,8,Latency (s),0.0
209,credit#25432ada-666d-4840-aeda-e8826ab67685,9,CPU Usage (%),0.0
609,credit#25432ada-666d-4840-aeda-e8826ab67685,9,Memory Usage (%),0.0
1009,credit#25432ada-666d-4840-aeda-e8826ab67685,9,Latency (s),0.0
210,credit#25432ada-666d-4840-aeda-e8826ab67685,10,CPU Usage (%),0.0
610,credit#25432ada-666d-4840-aeda-e8826ab67685,10,Memory Usage (%),0.0
1010,credit#25432ada-666d-4840-aeda-e8826ab67685,10,Latency (s),0.0
211,credit#25432ada-666d-4840-aeda-e8826ab67685,11,CPU Usage (%),0.0
611,credit#25432ada-666d-4840-aeda-e8826ab67685,11,Memory Usage (%),0.0
1011,credit#25432ada-666d-4840-aeda-e8826ab67685,11,Latency (s),0.0
212,credit#25432ada-666d-4840-aeda-e8826ab67685,12,CPU Usage (%),0.0
612,credit#25432ada-666d-4840-aeda-e8826ab67685,12,Memory Usage (%),0.0
1012,credit#25432ada-666d-4840-aeda-e8826ab67685,12,Latency (s),0.0
213,credit#25432ada-666d-4840-aeda-e8826ab67685,13,CPU Usage (%),0.0
613,credit#25432ada-666d-4840-aeda-e8826ab67685,13,Memory Usage (%),0.0
1013,credit#25432ada-666d-4840-aeda-e8826ab67685,13,Latency (s),0.0
214,credit#25432ada-666d-4840-aeda-e8826ab67685,14,CPU Usage (%),0.0
614,credit#25432ada-666d-4840-aeda-e8826ab67685,14,Memory Usage (%),0.0
1014,credit#25432ada-666d-4840-aeda-e8826ab67685,14,Latency (s),0.0
215,credit#25432ada-666d-4840-aeda-e8826ab67685,15,CPU Usage (%),0.0
615,credit#25432ada-666d-4840-aeda-e8826ab67685,15,Memory Usage (%),0.0
1015,credit#25432ada-666d-4840-aeda-e8826ab67685,15,Latency (s),0.0
216,credit#25432ada-666d-4840-aeda-e8826ab67685,16,CPU Usage (%),0.0
616,credit#25432ada-666d-4840-aeda-e8826ab67685,16,Memory Usage (%),0.0
1016,credit#25432ada-666d-4840-aeda-e8826ab67685,16,Latency (s),0.0
217,credit#25432ada-666d-4840-aeda-e8826ab67685,17,CPU Usage (%),0.0
617,credit#25432ada-666d-4840-aeda-e8826ab67685,17,Memory Usage (%),0.0
1017,credit#25432ada-666d-4840-aeda-e8826ab67685,17,Latency (s),0.0
218,credit#25432ada-666d-4840-aeda-e8826ab67685,18,CPU Usage (%),0.0
618,credit#25432ada-666d-4840-aeda-e8826ab67685,18,Memory Usage (%),0.0
1018,credit#25432ada-666d-4840-aeda-e8826ab67685,18,Latency (s),0.0
219,credit#25432ada-666d-4840-aeda-e8826ab67685,19,CPU Usage (%),0.0
619,credit#25432ada-666d-4840-aeda-e8826ab67685,19,Memory Usage (%),0.0
1019,credit#25432ada-666d-4840-aeda-e8826ab67685,19,Latency (s),0.0
220,credit#25432ada-666d-4840-aeda-e8826ab67685,20,CPU Usage (%),0.0
620,credit#25432ada-666d-4840-aeda-e8826ab67685,20,Memory Usage (%),0.0
1020,credit#25432ada-666d-4840-aeda-e8826ab67685,20,Latency (s),0.0
221,credit#25432ada-666d-4840-aeda-e8826ab67685,21,CPU Usage (%),0.0
621,credit#25432ada-666d-4840-aeda-e8826ab67685,21,Memory Usage (%),0.0
1021,credit#25432ada-666d-4840-aeda-e8826ab67685,21,Latency (s),0.0
222,credit#25432ada-666d-4840-aeda-e8826ab67685,22,CPU Usage (%),0.0
622,credit#25432ada-666d-4840-aeda-e8826ab67685,22,Memory Usage (%),0.0
1022,credit#25432ada-666d-4840-aeda-e8826ab67685,22,Latency (s),0.0
223,credit#25432ada-666d-4840-aeda-e8826ab67685,23,CPU Usage (%),0.0
623,credit#25432ada-666d-4840-aeda-e8826ab67685,23,Memory Usage (%),0.0
1023,credit#25432ada-666d-4840-aeda-e8826ab67685,23,Latency (s),0.0
224,credit#25432ada-666d-4840-aeda-e8826ab67685,24,CPU Usage (%),0.0
624,credit#25432ada-666d-4840-aeda-e8826ab67685,24,Memory Usage (%),0.0
1024,credit#25432ada-666d-4840-aeda-e8826ab67685,24,Latency (s),0.0
225,credit#25432ada-666d-4840-aeda-e8826ab67685,25,CPU Usage (%),0.0
625,credit#25432ada-666d-4840-aeda-e8826ab67685,25,Memory Usage (%),0.0
1025,credit#25432ada-666d-4840-aeda-e8826ab67685,25,Latency (s),0.0
226,credit#25432ada-666d-4840-aeda-e8826ab67685,26,CPU Usage (%),0.0
626,credit#25432ada-666d-4840-aeda-e8826ab67685,26,Memory Usage (%),0.0
1026,credit#25432ada-666d-4840-aeda-e8826ab67685,26,Latency (s),0.0
227,credit#25432ada-666d-4840-aeda-e8826ab67685,27,CPU Usage (%),0.0
627,credit#25432ada-666d-4840-aeda-e8826ab67685,27,Memory Usage (%),0.0
1027,credit#25432ada-666d-4840-aeda-e8826ab67685,27,Latency (s),0.0
228,credit#25432ada-666d-4840-aeda-e8826ab67685,28,CPU Usage (%),0.0
628,credit#25432ada-666d-4840-aeda-e8826ab67685,28,Memory Usage (%),0.0
1028,credit#25432ada-666d-4840-aeda-e8826ab67685,28,Latency (s),0.0
229,credit#25432ada-666d-4840-aeda-e8826ab67685,29,CPU Usage (%),0.0
629,credit#25432ada-666d-4840-aeda-e8826ab67685,29,Memory Usage (%),0.0
1029,credit#25432ada-666d-4840-aeda-e8826ab67685,29,Latency (s),0.0
230,credit#25432ada-666d-4840-aeda-e8826ab67685,30,CPU Usage (%),0.0
630,credit#25432ada-666d-4840-aeda-e8826ab67685,30,Memory Usage (%),0.0
1030,credit#25432ada-666d-4840-aeda-e8826ab67685,30,Latency (s),0.0
231,credit#25432ada-666d-4840-aeda-e8826ab67685,31,CPU Usage (%),0.0
631,credit#25432ada-666d-4840-aeda-e8826ab67685,31,Memory Usage (%),0.0
1031,credit#25432ada-666d-4840-aeda-e8826ab67685,31,Latency (s),0.0
232,credit#25432ada-666d-4840-aeda-e8826ab67685,32,CPU Usage (%),0.0
632,credit#25432ada-666d-4840-aeda-e8826ab67685,32,Memory Usage (%),0.0
1032,credit#25432ada-666d-4840-aeda-e8826ab67685,32,Latency (s),0.0
233,credit#25432ada-666d-4840-aeda-e8826ab67685,33,CPU Usage (%),0.0
633,credit#25432ada-666d-4840-aeda-e8826ab67685,33,Memory Usage (%),0.0
1033,credit#25432ada-666d-4840-aeda-e8826ab67685,33,Latency (s),0.0
234,credit#25432ada-666d-4840-aeda-e8826ab67685,34,CPU Usage (%),0.0
634,credit#25432ada-666d-4840-aeda-e8826ab67685,34,Memory Usage (%),0.0
1034,credit#25432ada-666d-4840-aeda-e8826ab67685,34,Latency (s),0.0
235,credit#25432ada-666d-4840-aeda-e8826ab67685,35,CPU Usage (%),0.0
635,credit#25432ada-666d-4840-aeda-e8826ab67685,35,Memory Usage (%),0.0
1035,credit#25432ada-666d-4840-aeda-e8826ab67685,35,Latency (s),0.0
236,credit#25432ada-666d-4840-aeda-e8826ab67685,36,CPU Usage (%),0.0
636,credit#25432ada-666d-4840-aeda-e8826ab67685,36,Memory Usage (%),0.0
1036,credit#25432ada-666d-4840-aeda-e8826ab67685,36,Latency (s),0.0
237,credit#25432ada-666d-4840-aeda-e8826ab67685,37,CPU Usage (%),0.0
637,credit#25432ada-666d-4840-aeda-e8826ab67685,37,Memory Usage (%),0.0
1037,credit#25432ada-666d-4840-aeda-e8826ab67685,37,Latency (s),0.0
238,credit#25432ada-666d-4840-aeda-e8826ab67685,38,CPU Usage (%),0.0
638,credit#25432ada-666d-4840-aeda-e8826ab67685,38,Memory Usage (%),0.0
1038,credit#25432ada-666d-4840-aeda-e8826ab67685,38,Latency (s),0.0
239,credit#25432ada-666d-4840-aeda-e8826ab67685,39,CPU Usage (%),0.0
639,credit#25432ada-666d-4840-aeda-e8826ab67685,39,Memory Usage (%),0.0
1039,credit#25432ada-666d-4840-aeda-e8826ab67685,39,Latency (s),0.0
240,credit#25432ada-666d-4840-aeda-e8826ab67685,40,CPU Usage (%),0.0
640,credit#25432ada-666d-4840-aeda-e8826ab67685,40,Memory Usage (%),0.0
1040,credit#25432ada-666d-4840-aeda-e8826ab67685,40,Latency (s),0.0
241,credit#25432ada-666d-4840-aeda-e8826ab67685,41,CPU Usage (%),0.0
641,credit#25432ada-666d-4840-aeda-e8826ab67685,41,Memory Usage (%),0.0
1041,credit#25432ada-666d-4840-aeda-e8826ab67685,41,Latency (s),0.0
242,credit#25432ada-666d-4840-aeda-e8826ab67685,42,CPU Usage (%),0.0
642,credit#25432ada-666d-4840-aeda-e8826ab67685,42,Memory Usage (%),0.0
1042,credit#25432ada-666d-4840-aeda-e8826ab67685,42,Latency (s),0.0
243,credit#25432ada-666d-4840-aeda-e8826ab67685,43,CPU Usage (%),0.0
643,credit#25432ada-666d-4840-aeda-e8826ab67685,43,Memory Usage (%),0.0
1043,credit#25432ada-666d-4840-aeda-e8826ab67685,43,Latency (s),0.0
244,credit#25432ada-666d-4840-aeda-e8826ab67685,44,CPU Usage (%),0.0
644,credit#25432ada-666d-4840-aeda-e8826ab67685,44,Memory Usage (%),0.0
1044,credit#25432ada-666d-4840-aeda-e8826ab67685,44,Latency (s),0.0
245,credit#25432ada-666d-4840-aeda-e8826ab67685,45,CPU Usage (%),0.0
645,credit#25432ada-666d-4840-aeda-e8826ab67685,45,Memory Usage (%),0.0
1045,credit#25432ada-666d-4840-aeda-e8826ab67685,45,Latency (s),0.0
246,credit#25432ada-666d-4840-aeda-e8826ab67685,46,CPU Usage (%),0.0
646,credit#25432ada-666d-4840-aeda-e8826ab67685,46,Memory Usage (%),0.0
1046,credit#25432ada-666d-4840-aeda-e8826ab67685,46,Latency (s),0.0
247,credit#25432ada-666d-4840-aeda-e8826ab67685,47,CPU Usage (%),0.0
647,credit#25432ada-666d-4840-aeda-e8826ab67685,47,Memory Usage (%),0.0
1047,credit#25432ada-666d-4840-aeda-e8826ab67685,47,Latency (s),0.0
248,credit#25432ada-666d-4840-aeda-e8826ab67685,48,CPU Usage (%),0.0
648,credit#25432ada-666d-4840-aeda-e8826ab67685,48,Memory Usage (%),0.0
1048,credit#25432ada-666d-4840-aeda-e8826ab67685,48,Latency (s),0.0
249,credit#25432ada-666d-4840-aeda-e8826ab67685,49,CPU Usage (%),0.0
649,credit#25432ada-666d-4840-aeda-e8826ab67685,49,Memory Usage (%),0.0
1049,credit#25432ada-666d-4840-aeda-e8826ab67685,49,Latency (s),0.0
250,credit#25432ada-666d-4840-aeda-e8826ab67685,50,CPU Usage (%),0.0
650,credit#25432ada-666d-4840-aeda-e8826ab67685,50,Memory Usage (%),0.0
1050,credit#25432ada-666d-4840-aeda-e8826ab67685,50,Latency (s),0.0
251,credit#25432ada-666d-4840-aeda-e8826ab67685,51,CPU Usage (%),0.0
651,credit#25432ada-666d-4840-aeda-e8826ab67685,51,Memory Usage (%),0.0
1051,credit#25432ada-666d-4840-aeda-e8826ab67685,51,Latency (s),0.0
252,credit#25432ada-666d-4840-aeda-e8826ab67685,52,CPU Usage (%),0.0
652,credit#25432ada-666d-4840-aeda-e8826ab67685,52,Memory Usage (%),0.0
1052,credit#25432ada-666d-4840-aeda-e8826ab67685,52,Latency (s),0.0
253,credit#25432ada-666d-4840-aeda-e8826ab67685,53,CPU Usage (%),0.0
653,credit#25432ada-666d-4840-aeda-e8826ab67685,53,Memory Usage (%),0.0
1053,credit#25432ada-666d-4840-aeda-e8826ab67685,53,Latency (s),0.0
254,credit#25432ada-666d-4840-aeda-e8826ab67685,54,CPU Usage (%),0.0
654,credit#25432ada-666d-4840-aeda-e8826ab67685,54,Memory Usage (%),0.0
1054,credit#25432ada-666d-4840-aeda-e8826ab67685,54,Latency (s),0.0
255,credit#25432ada-666d-4840-aeda-e8826ab67685,55,CPU Usage (%),0.0
655,credit#25432ada-666d-4840-aeda-e8826ab67685,55,Memory Usage (%),0.0
1055,credit#25432ada-666d-4840-aeda-e8826ab67685,55,Latency (s),0.0
256,credit#25432ada-666d-4840-aeda-e8826ab67685,56,CPU Usage (%),0.0
656,credit#25432ada-666d-4840-aeda-e8826ab67685,56,Memory Usage (%),0.0
1056,credit#25432ada-666d-4840-aeda-e8826ab67685,56,Latency (s),0.0
257,credit#25432ada-666d-4840-aeda-e8826ab67685,57,CPU Usage (%),0.0
657,credit#25432ada-666d-4840-aeda-e8826ab67685,57,Memory Usage (%),0.0
1057,credit#25432ada-666d-4840-aeda-e8826ab67685,57,Latency (s),0.0
258,credit#25432ada-666d-4840-aeda-e8826ab67685,58,CPU Usage (%),0.0
658,credit#25432ada-666d-4840-aeda-e8826ab67685,58,Memory Usage (%),0.0
1058,credit#25432ada-666d-4840-aeda-e8826ab67685,58,Latency (s),0.0
259,credit#25432ada-666d-4840-aeda-e8826ab67685,59,CPU Usage (%),0.0
659,credit#25432ada-666d-4840-aeda-e8826ab67685,59,Memory Usage (%),0.0
1059,credit#25432ada-666d-4840-aeda-e8826ab67685,59,Latency (s),0.0
260,credit#25432ada-666d-4840-aeda-e8826ab67685,60,CPU Usage (%),0.0
660,credit#25432ada-666d-4840-aeda-e8826ab67685,60,Memory Usage (%),0.0
1060,credit#25432ada-666d-4840-aeda-e8826ab67685,60,Latency (s),0.0
261,credit#25432ada-666d-4840-aeda-e8826ab67685,61,CPU Usage (%),0.0
661,credit#25432ada-666d-4840-aeda-e8826ab67685,61,Memory Usage (%),0.0
1061,credit#25432ada-666d-4840-aeda-e8826ab67685,61,Latency (s),0.0
262,credit#25432ada-666d-4840-aeda-e8826ab67685,62,CPU Usage (%),0.0
662,credit#25432ada-666d-4840-aeda-e8826ab67685,62,Memory Usage (%),0.0
1062,credit#25432ada-666d-4840-aeda-e8826ab67685,62,Latency (s),0.0
263,credit#25432ada-666d-4840-aeda-e8826ab67685,63,CPU Usage (%),0.0
663,credit#25432ada-666d-4840-aeda-e8826ab67685,63,Memory Usage (%),0.0
1063,credit#25432ada-666d-4840-aeda-e8826ab67685,63,Latency (s),0.0
264,credit#25432ada-666d-4840-aeda-e8826ab67685,64,CPU Usage (%),0.0
664,credit#25432ada-666d-4840-aeda-e8826ab67685,64,Memory Usage (%),0.0
1064,credit#25432ada-666d-4840-aeda-e8826ab67685,64,Latency (s),0.0
265,credit#25432ada-666d-4840-aeda-e8826ab67685,65,CPU Usage (%),0.0
665,credit#25432ada-666d-4840-aeda-e8826ab67685,65,Memory Usage (%),0.0
1065,credit#25432ada-666d-4840-aeda-e8826ab67685,65,Latency (s),0.0
266,credit#25432ada-666d-4840-aeda-e8826ab67685,66,CPU Usage (%),0.0
666,credit#25432ada-666d-4840-aeda-e8826ab67685,66,Memory Usage (%),0.0
1066,credit#25432ada-666d-4840-aeda-e8826ab67685,66,Latency (s),0.0
267,credit#25432ada-666d-4840-aeda-e8826ab67685,67,CPU Usage (%),0.0
667,credit#25432ada-666d-4840-aeda-e8826ab67685,67,Memory Usage (%),0.0
1067,credit#25432ada-666d-4840-aeda-e8826ab67685,67,Latency (s),0.0
268,credit#25432ada-666d-4840-aeda-e8826ab67685,68,CPU Usage (%),0.0
668,credit#25432ada-666d-4840-aeda-e8826ab67685,68,Memory Usage (%),0.0
1068,credit#25432ada-666d-4840-aeda-e8826ab67685,68,Latency (s),0.0
269,credit#25432ada-666d-4840-aeda-e8826ab67685,69,CPU Usage (%),0.0
669,credit#25432ada-666d-4840-aeda-e8826ab67685,69,Memory Usage (%),0.0
1069,credit#25432ada-666d-4840-aeda-e8826ab67685,69,Latency (s),0.0
270,credit#25432ada-666d-4840-aeda-e8826ab67685,70,CPU Usage (%),0.0
670,credit#25432ada-666d-4840-aeda-e8826ab67685,70,Memory Usage (%),0.0
1070,credit#25432ada-666d-4840-aeda-e8826ab67685,70,Latency (s),0.0
271,credit#25432ada-666d-4840-aeda-e8826ab67685,71,CPU Usage (%),0.0
671,credit#25432ada-666d-4840-aeda-e8826ab67685,71,Memory Usage (%),0.0
1071,credit#25432ada-666d-4840-aeda-e8826ab67685,71,Latency (s),0.0
272,credit#25432ada-666d-4840-aeda-e8826ab67685,72,CPU Usage (%),0.0
672,credit#25432ada-666d-4840-aeda-e8826ab67685,72,Memory Usage (%),0.0
1072,credit#25432ada-666d-4840-aeda-e8826ab67685,72,Latency (s),0.0
273,credit#25432ada-666d-4840-aeda-e8826ab67685,73,CPU Usage (%),0.0
673,credit#25432ada-666d-4840-aeda-e8826ab67685,73,Memory Usage (%),0.0
1073,credit#25432ada-666d-4840-aeda-e8826ab67685,73,Latency (s),0.0
274,credit#25432ada-666d-4840-aeda-e8826ab67685,74,CPU Usage (%),0.0
674,credit#25432ada-666d-4840-aeda-e8826ab67685,74,Memory Usage (%),0.0
1074,credit#25432ada-666d-4840-aeda-e8826ab67685,74,Latency (s),0.0
275,credit#25432ada-666d-4840-aeda-e8826ab67685,75,CPU Usage (%),0.0
675,credit#25432ada-666d-4840-aeda-e8826ab67685,75,Memory Usage (%),0.0
1075,credit#25432ada-666d-4840-aeda-e8826ab67685,75,Latency (s),0.0
276,credit#25432ada-666d-4840-aeda-e8826ab67685,76,CPU Usage (%),0.0
676,credit#25432ada-666d-4840-aeda-e8826ab67685,76,Memory Usage (%),0.0
1076,credit#25432ada-666d-4840-aeda-e8826ab67685,76,Latency (s),0.0
277,credit#25432ada-666d-4840-aeda-e8826ab67685,77,CPU Usage (%),0.0
677,credit#25432ada-666d-4840-aeda-e8826ab67685,77,Memory Usage (%),0.0
1077,credit#25432ada-666d-4840-aeda-e8826ab67685,77,Latency (s),0.0
278,credit#25432ada-666d-4840-aeda-e8826ab67685,78,CPU Usage (%),0.0
678,credit#25432ada-666d-4840-aeda-e8826ab67685,78,Memory Usage (%),0.0
1078,credit#25432ada-666d-4840-aeda-e8826ab67685,78,Latency (s),0.0
279,credit#25432ada-666d-4840-aeda-e8826ab67685,79,CPU Usage (%),0.0
679,credit#25432ada-666d-4840-aeda-e8826ab67685,79,Memory Usage (%),0.0
1079,credit#25432ada-666d-4840-aeda-e8826ab67685,79,Latency (s),0.0
280,credit#25432ada-666d-4840-aeda-e8826ab67685,80,CPU Usage (%),0.0
680,credit#25432ada-666d-4840-aeda-e8826ab67685,80,Memory Usage (%),0.0
1080,credit#25432ada-666d-4840-aeda-e8826ab67685,80,Latency (s),0.0
281,credit#25432ada-666d-4840-aeda-e8826ab67685,81,CPU Usage (%),0.0
681,credit#25432ada-666d-4840-aeda-e8826ab67685,81,Memory Usage (%),0.0
1081,credit#25432ada-666d-4840-aeda-e8826ab67685,81,Latency (s),0.0
282,credit#25432ada-666d-4840-aeda-e8826ab67685,82,CPU Usage (%),0.0
682,credit#25432ada-666d-4840-aeda-e8826ab67685,82,Memory Usage (%),0.0
1082,credit#25432ada-666d-4840-aeda-e8826ab67685,82,Latency (s),0.0
283,credit#25432ada-666d-4840-aeda-e8826ab67685,83,CPU Usage (%),0.0
683,credit#25432ada-666d-4840-aeda-e8826ab67685,83,Memory Usage (%),0.0
1083,credit#25432ada-666d-4840-aeda-e8826ab67685,83,Latency (s),0.0
284,credit#25432ada-666d-4840-aeda-e8826ab67685,84,CPU Usage (%),0.0
684,credit#25432ada-666d-4840-aeda-e8826ab67685,84,Memory Usage (%),0.0
1084,credit#25432ada-666d-4840-aeda-e8826ab67685,84,Latency (s),0.0
285,credit#25432ada-666d-4840-aeda-e8826ab67685,85,CPU Usage (%),0.0
685,credit#25432ada-666d-4840-aeda-e8826ab67685,85,Memory Usage (%),0.0
1085,credit#25432ada-666d-4840-aeda-e8826ab67685,85,Latency (s),0.0
286,credit#25432ada-666d-4840-aeda-e8826ab67685,86,CPU Usage (%),0.0
686,credit#25432ada-666d-4840-aeda-e8826ab67685,86,Memory Usage (%),0.0
1086,credit#25432ada-666d-4840-aeda-e8826ab67685,86,Latency (s),0.0
287,credit#25432ada-666d-4840-aeda-e8826ab67685,87,CPU Usage (%),0.0
687,credit#25432ada-666d-4840-aeda-e8826ab67685,87,Memory Usage (%),0.0
1087,credit#25432ada-666d-4840-aeda-e8826ab67685,87,Latency (s),0.0
288,credit#25432ada-666d-4840-aeda-e8826ab67685,88,CPU Usage (%),0.0
688,credit#25432ada-666d-4840-aeda-e8826ab67685,88,Memory Usage (%),0.0
1088,credit#25432ada-666d-4840-aeda-e8826ab67685,88,Latency (s),0.0
289,credit#25432ada-666d-4840-aeda-e8826ab67685,89,CPU Usage (%),0.0
689,credit#25432ada-666d-4840-aeda-e8826ab67685,89,Memory Usage (%),0.0
1089,credit#25432ada-666d-4840-aeda-e8826ab67685,89,Latency (s),0.0
290,credit#25432ada-666d-4840-aeda-e8826ab67685,90,CPU Usage (%),0.0
690,credit#25432ada-666d-4840-aeda-e8826ab67685,90,Memory Usage (%),0.0
1090,credit#25432ada-666d-4840-aeda-e8826ab67685,90,Latency (s),0.0
291,credit#25432ada-666d-4840-aeda-e8826ab67685,91,CPU Usage (%),0.0
691,credit#25432ada-666d-4840-aeda-e8826ab67685,91,Memory Usage (%),0.0
1091,credit#25432ada-666d-4840-aeda-e8826ab67685,91,Latency (s),0.0
292,credit#25432ada-666d-4840-aeda-e8826ab67685,92,CPU Usage (%),0.0
692,credit#25432ada-666d-4840-aeda-e8826ab67685,92,Memory Usage (%),0.0
1092,credit#25432ada-666d-4840-aeda-e8826ab67685,92,Latency (s),0.0
293,credit#25432ada-666d-4840-aeda-e8826ab67685,93,CPU Usage (%),0.0
693,credit#25432ada-666d-4840-aeda-e8826ab67685,93,Memory Usage (%),0.0
1093,credit#25432ada-666d-4840-aeda-e8826ab67685,93,Latency (s),0.0
294,credit#25432ada-666d-4840-aeda-e8826ab67685,94,CPU Usage (%),0.0
694,credit#25432ada-666d-4840-aeda-e8826ab67685,94,Memory Usage (%),0.0
1094,credit#25432ada-666d-4840-aeda-e8826ab67685,94,Latency (s),0.0
295,credit#25432ada-666d-4840-aeda-e8826ab67685,95,CPU Usage (%),0.0
695,credit#25432ada-666d-4840-aeda-e8826ab67685,95,Memory Usage (%),0.0
1095,credit#25432ada-666d-4840-aeda-e8826ab67685,95,Latency (s),0.0
296,credit#25432ada-666d-4840-aeda-e8826ab67685,96,CPU Usage (%),0.0
696,credit#25432ada-666d-4840-aeda-e8826ab67685,96,Memory Usage (%),0.0
1096,credit#25432ada-666d-4840-aeda-e8826ab67685,96,Latency (s),0.0
297,credit#25432ada-666d-4840-aeda-e8826ab67685,97,CPU Usage (%),0.0
697,credit#25432ada-666d-4840-aeda-e8826ab67685,97,Memory Usage (%),0.0
1097,credit#25432ada-666d-4840-aeda-e8826ab67685,97,Latency (s),0.0
298,credit#25432ada-666d-4840-aeda-e8826ab67685,98,CPU Usage (%),0.0
698,credit#25432ada-666d-4840-aeda-e8826ab67685,98,Memory Usage (%),0.0
1098,credit#25432ada-666d-4840-aeda-e8826ab67685,98,Latency (s),0.0
299,credit#25432ada-666d-4840-aeda-e8826ab67685,99,CPU Usage (%),0.0
699,credit#25432ada-666d-4840-aeda-e8826ab67685,99,Memory Usage (%),0.0
1099,credit#25432ada-666d-4840-aeda-e8826ab67685,99,Latency (s),0.0
300,payment#6f11d134-4cfd-484c-80dd-5461ab93e600,0,CPU Usage (%),0.0
700,payment#6f11d134-4cfd-484c-80dd-5461ab93e600,0,Memory Usage (%),0.0
1100,payment#6f11d134-4cfd-484c-80dd-5461ab93e600,0,Latency (s),0.0
301,payment#6f11d134-4cfd-484c-80dd-5461ab93e600,1,CPU Usage (%),0.0
701,payment#6f11d134-4cfd-484c-80dd-5461ab93e600,1,Memory Usage (%),0.0
1101,payment#6f11d134-4cfd-484c-80dd-5461ab93e600,1,Latency (s),0.0
302,payment#6f11d134-4cfd-484c-80dd-5461ab93e600,2,CPU Usage (%),0.0
702,payment#6f11d134-4cfd-484c-80dd-5461ab93e600,2,Memory Usage (%),0.0
1102,payment#6f11d134-4cfd-484c-80dd-5461ab93e600,2,Latency (s),0.0
303,payment#6f11d134-4cfd-484c-80dd-5461ab93e600,3,CPU Usage (%),0.0
703,payment#6f11d134-4cfd-484c-80dd-5461ab93e600,3,Memory Usage (%),0.0
1103,payment#6f11d134-4cfd-484c-80dd-5461ab93e600,3,Latency (s),0.0
304,payment#6f11d134-4cfd-484c-80dd-5461ab93e600,4,CPU Usage (%),0.0
704,payment#6f11d134-4cfd-484c-80dd-5461ab93e600,4,Memory Usage (%),0.0
1104,payment#6f11d134-4cfd-484c-80dd-5461ab93e600,4,Latency (s),0.0
305,payment#6f11d134-4cfd-484c-80dd-5461ab93e600,5,CPU Usage (%),0.0
705,payment#6f11d134-4cfd-484c-80dd-5461ab93e600,5,Memory Usage (%),0.0
1105,payment#6f11d134-4cfd-484c-80dd-5461ab93e600,5,Latency (s),0.0
306,payment#6f11d134-4cfd-484c-80dd-5461ab93e600,6,CPU Usage (%),0.0
706,payment#6f11d134-4cfd-484c-80dd-5461ab93e600,6,Memory Usage (%),0.0
1106,payment#6f11d134-4cfd-484c-80dd-5461ab93e600,6,Latency (s),0.0
307,payment#6f11d134-4cfd-484c-80dd-5461ab93e600,7,CPU Usage (%),0.0
707,payment#6f11d134-4cfd-484c-80dd-5461ab93e600,7,Memory Usage (%),0.0
1107,payment#6f11d134-4cfd-484c-80dd-5461ab93e600,7,Latency (s),0.0
308,payment#6f11d134-4cfd-484c-80dd-5461ab93e600,8,CPU Usage (%),0.0
708,payment#6f11d134-4cfd-484c-80dd-5461ab93e600,8,Memory Usage (%),0.0
1108,payment#6f11d134-4cfd-484c-80dd-5461ab93e600,8,Latency (s),0.0
309,payment#6f11d134-4cfd-484c-80dd-5461ab93e600,9,CPU Usage (%),0.0
709,payment#6f11d134-4cfd-484c-80dd-5461ab93e600,9,Memory Usage (%),0.0
1109,payment#6f11d134-4cfd-484c-80dd-5461ab93e600,9,Latency (s),0.0
310,payment#6f11d134-4cfd-484c-80dd-5461ab93e600,10,CPU Usage (%),0.0
710,payment#6f11d134-4cfd-484c-80dd-5461ab93e600,10,Memory Usage (%),0.0
1110,payment#6f11d134-4cfd-484c-80dd-5461ab93e600,10,Latency (s),0.0
311,payment#6f11d134-4cfd-484c-80dd-5461ab93e600,11,CPU Usage (%),0.0
711,payment#6f11d134-4cfd-484c-80dd-5461ab93e600,11,Memory Usage (%),0.0
1111,payment#6f11d134-4cfd-484c-80dd-5461ab93e600,11,Latency (s),0.0
312,payment#6f11d134-4cfd-484c-80dd-5461ab93e600,12,CPU Usage (%),0.0
712,payment#6f11d134-4cfd-484c-80dd-5461ab93e600,12,Memory Usage (%),0.0
1112,payment#6f11d134-4cfd-484c-80dd-5461ab93e600,12,Latency (s),0.0
313,payment#6f11d134-4cfd-484c-80dd-5461ab93e600,13,CPU Usage (%),0.0
713,payment#6f11d134-4cfd-484c-80dd-5461ab93e600,13,Memory Usage (%),0.0
1113,payment#6f11d134-4cfd-484c-80dd-5461ab93e600,13,Latency (s),0.0
314,payment#6f11d134-4cfd-484c-80dd-5461ab93e600,14,CPU Usage (%),0.0
714,payment#6f11d134-4cfd-484c-80dd-5461ab93e600,14,Memory Usage (%),0.0
1114,payment#6f11d134-4cfd-484c-80dd-5461ab93e600,14,Latency (s),0.0
315,payment#6f11d134-4cfd-484c-80dd-5461ab93e600,15,CPU Usage (%),0.0
715,payment#6f11d134-4cfd-484c-80dd-5461ab93e600,15,Memory Usage (%),0.0
1115,payment#6f11d134-4cfd-484c-80dd-5461ab93e600,15,Latency (s),0.0
316,payment#6f11d134-4cfd-484c-80dd-5461ab93e600,16,CPU Usage (%),0.0
716,payment#6f11d134-4cfd-484c-80dd-5461ab93e600,16,Memory Usage (%),0.0
1116,payment#6f11d134-4cfd-484c-80dd-5461ab93e600,16,Latency (s),0.0
317,payment#6f11d134-4cfd-484c-80dd-5461ab93e600,17,CPU Usage (%),0.0
717,payment#6f11d134-4cfd-484c-80dd-5461ab93e600,17,Memory Usage (%),0.0
1117,payment#6f11d134-4cfd-484c-80dd-5461ab93e600,17,Latency (s),0.0
318,payment#6f11d134-4cfd-484c-80dd-5461ab93e600,18,CPU Usage (%),0.0
718,payment#6f11d134-4cfd-484c-80dd-5461ab93e600,18,Memory Usage (%),0.0
1118,payment#6f11d134-4cfd-484c-80dd-5461ab93e600,18,Latency (s),0.0
319,payment#6f11d134-4cfd-484c-80dd-5461ab93e600,19,CPU Usage (%),0.0
719,payment#6f11d134-4cfd-484c-80dd-5461ab93e600,19,Memory Usage (%),0.0
1119,payment#6f11d134-4cfd-484c-80dd-5461ab93e600,19,Latency (s),0.0
320,payment#6f11d134-4cfd-484c-80dd-5461ab93e600,20,CPU Usage (%),0.0
720,payment#6f11d134-4cfd-484c-80dd-5461ab93e600,20,Memory Usage (%),0.0
1120,payment#6f11d134-4cfd-484c-80dd-5461ab93e600,20,Latency (s),0.0
321,payment#6f11d134-4cfd-484c-80dd-5461ab93e600,21,CPU Usage (%),0.0
721,payment#6f11d134-4cfd-484c-80dd-5461ab93e600,21,Memory Usage (%),0.0
1121,payment#6f11d134-4cfd-484c-80dd-5461ab93e600,21,Latency (s),0.0
322,payment#6f11d134-4cfd-484c-80dd-5461ab93e600,22,CPU Usage (%),0.0
722,payment#6f11d134-4cfd-484c-80dd-5461ab93e600,22,Memory Usage (%),0.0
1122,payment#6f11d134-4cfd-484c-80dd-5461ab93e600,22,Latency (s),0.0
323,payment#6f11d134-4cfd-484c-80dd-5461ab93e600,23,CPU Usage (%),0.0
723,payment#6f11d134-4cfd-484c-80dd-5461ab93e600,23,Memory Usage (%),0.0
1123,payment#6f11d134-4cfd-484c-80dd-5461ab93e600,23,Latency (s),0.0
324,payment#6f11d134-4cfd-484c-80dd-5461ab93e600,24,CPU Usage (%),0.0
724,payment#6f11d134-4cfd-484c-80dd-5461ab93e600,24,Memory Usage (%),0.0
1124,payment#6f11d134-4cfd-484c-80dd-5461ab93e600,24,Latency (s),0.0
325,payment#6f11d134-4cfd-484c-80dd-5461ab93e600,25,CPU Usage (%),0.0
725,payment#6f11d134-4cfd-484c-80dd-5461ab93e600,25,Memory Usage (%),0.0
1125,payment#6f11d134-4cfd-484c-80dd-5461ab93e600,25,Latency (s),0.0
326,payment#6f11d134-4cfd-484c-80dd-5461ab93e600,26,CPU Usage (%),0.0
726,payment#6f11d134-4cfd-484c-80dd-5461ab93e600,26,Memory Usage (%),0.0
1126,payment#6f11d134-4cfd-484c-80dd-5461ab93e600,26,Latency (s),0.0
327,payment#6f11d134-4cfd-484c-80dd-5461ab93e600,27,CPU Usage (%),0.0
727,payment#6f11d134-4cfd-484c-80dd-5461ab93e600,27,Memory Usage (%),0.0
1127,payment#6f11d134-4cfd-484c-80dd-5461ab93e600,27,Latency (s),0.0
328,payment#6f11d134-4cfd-484c-80dd-5461ab93e600,28,CPU Usage (%),0.0
728,payment#6f11d134-4cfd-484c-80dd-5461ab93e600,28,Memory Usage (%),0.0
1128,payment#6f11d134-4cfd-484c-80dd-5461ab93e600,28,Latency (s),0.0
329,payment#6f11d134-4cfd-484c-80dd-5461ab93e600,29,CPU Usage (%),0.0
729,payment#6f11d134-4cfd-484c-80dd-5461ab93e600,29,Memory Usage (%),0.0
1129,payment#6f11d134-4cfd-484c-80dd-5461ab93e600,29,Latency (s),0.0
330,payment#6f11d134-4cfd-484c-80dd-5461ab93e600,30,CPU Usage (%),0.0
730,payment#6f11d134-4cfd-484c-80dd-5461ab93e600,30,Memory Usage (%),0.0
1130,payment#6f11d134-4cfd-484c-80dd-5461ab93e600,30,Latency (s),0.0
331,payment#6f11d134-4cfd-484c-80dd-5461ab93e600,31,CPU Usage (%),0.0
731,payment#6f11d134-4cfd-484c-80dd-5461ab93e600,31,Memory Usage (%),0.0
1131,payment#6f11d134-4cfd-484c-80dd-5461ab93e600,31,Latency (s),0.0
332,payment#6f11d134-4cfd-484c-80dd-5461ab93e600,32,CPU Usage (%),0.0
732,payment#6f11d134-4cfd-484c-80dd-5461ab93e600,32,Memory Usage (%),0.0
1132,payment#6f11d134-4cfd-484c-80dd-5461ab93e600,32,Latency (s),0.0
333,payment#6f11d134-4cfd-484c-80dd-5461ab93e600,33,CPU Usage (%),0.0
733,payment#6f11d134-4cfd-484c-80dd-5461ab93e600,33,Memory Usage (%),0.0
1133,payment#6f11d134-4cfd-484c-80dd-5461ab93e600,33,Latency (s),0.0
334,payment#6f11d134-4cfd-484c-80dd-5461ab93e600,34,CPU Usage (%),0.0
734,payment#6f11d134-4cfd-484c-80dd-5461ab93e600,34,Memory Usage (%),0.0
1134,payment#6f11d134-4cfd-484c-80dd-5461ab93e600,34,Latency (s),0.0
335,payment#6f11d134-4cfd-484c-80dd-5461ab93e600,35,CPU Usage (%),0.0
735,payment#6f11d134-4cfd-484c-80dd-5461ab93e600,35,Memory Usage (%),0.0
1135,payment#6f11d134-4cfd-484c-80dd-5461ab93e600,35,Latency (s),0.0
336,payment#6f11d134-4cfd-484c-80dd-5461ab93e600,36,CPU Usage (%),0.0
736,payment#6f11d134-4cfd-484c-80dd-5461ab93e600,36,Memory Usage (%),0.0
1136,payment#6f11d134-4cfd-484c-80dd-5461ab93e600,36,Latency (s),0.0
337,payment#6f11d134-4cfd-484c-80dd-5461ab93e600,37,CPU Usage (%),0.0
737,payment#6f11d134-4cfd-484c-80dd-5461ab93e600,37,Memory Usage (%),0.0
1137,payment#6f11d134-4cfd-484c-80dd-5461ab93e600,37,Latency (s),0.0
338,payment#6f11d134-4cfd-484c-80dd-5461ab93e600,38,CPU Usage (%),0.0
738,payment#6f11d134-4cfd-484c-80dd-5461ab93e600,38,Memory Usage (%),0.0
1138,payment#6f11d134-4cfd-484c-80dd-5461ab93e600,38,Latency (s),0.0
339,payment#6f11d134-4cfd-484c-80dd-5461ab93e600,39,CPU Usage (%),0.0
739,payment#6f11d134-4cfd-484c-80dd-5461ab93e600,39,Memory Usage (%),0.0
1139,payment#6f11d134-4cfd-484c-80dd-5461ab93e600,39,Latency (s),0.0
340,payment#6f11d134-4cfd-484c-80dd-5461ab93e600,40,CPU Usage (%),0.0
740,payment#6f11d134-4cfd-484c-80dd-5461ab93e600,40,Memory Usage (%),0.0
1140,payment#6f11d134-4cfd-484c-80dd-5461ab93e600,40,Latency (s),0.0
341,payment#6f11d134-4cfd-484c-80dd-5461ab93e600,41,CPU Usage (%),0.0
741,payment#6f11d134-4cfd-484c-80dd-5461ab93e600,41,Memory Usage (%),0.0
1141,payment#6f11d134-4cfd-484c-80dd-5461ab93e600,41,Latency (s),0.0
342,payment#6f11d134-4cfd-484c-80dd-5461ab93e600,42,CPU Usage (%),0.0
742,payment#6f11d134-4cfd-484c-80dd-5461ab93e600,42,Memory Usage (%),0.0
1142,payment#6f11d134-4cfd-484c-80dd-5461ab93e600,42,Latency (s),0.0
343,payment#6f11d134-4cfd-484c-80dd-5461ab93e600,43,CPU Usage (%),0.0
743,payment#6f11d134-4cfd-484c-80dd-5461ab93e600,43,Memory Usage (%),0.0
1143,payment#6f11d134-4cfd-484c-80dd-5461ab93e600,43,Latency (s),0.0
344,payment#6f11d134-4cfd-484c-80dd-5461ab93e600,44,CPU Usage (%),0.0
744,payment#6f11d134-4cfd-484c-80dd-5461ab93e600,44,Memory Usage (%),0.0
1144,payment#6f11d134-4cfd-484c-80dd-5461ab93e600,44,Latency (s),0.0
345,payment#6f11d134-4cfd-484c-80dd-5461ab93e600,45,CPU Usage (%),0.0
745,payment#6f11d134-4cfd-484c-80dd-5461ab93e600,45,Memory Usage (%),0.0
1145,payment#6f11d134-4cfd-484c-80dd-5461ab93e600,45,Latency (s),0.0
346,payment#6f11d134-4cfd-484c-80dd-5461ab93e600,46,CPU Usage (%),0.0
746,payment#6f11d134-4cfd-484c-80dd-5461ab93e600,46,Memory Usage (%),0.0
1146,payment#6f11d134-4cfd-484c-80dd-5461ab93e600,46,Latency (s),0.0
347,payment#6f11d134-4cfd-484c-80dd-5461ab93e600,47,CPU Usage (%),0.0
747,payment#6f11d134-4cfd-484c-80dd-5461ab93e600,47,Memory Usage (%),0.0
1147,payment#6f11d134-4cfd-484c-80dd-5461ab93e600,47,Latency (s),0.0
348,payment#6f11d134-4cfd-484c-80dd-5461ab93e600,48,CPU Usage (%),0.0
748,payment#6f11d134-4cfd-484c-80dd-5461ab93e600,48,Memory Usage (%),0.0
1148,payment#6f11d134-4cfd-484c-80dd-5461ab93e600,48,Latency (s),0.0
349,payment#6f11d134-4cfd-484c-80dd-5461ab93e600,49,CPU Usage (%),0.0
749,payment#6f11d134-4cfd-484c-80dd-5461ab93e600,49,Memory Usage (%),0.0
1149,payment#6f11d134-4cfd-484c-80dd-5461ab93e600,49,Latency (s),0.0
350,payment#6f11d134-4cfd-484c-80dd-5461ab93e600,50,CPU Usage (%),0.0
750,payment#6f11d134-4cfd-484c-80dd-5461ab93e600,50,Memory Usage (%),0.0
1150,payment#6f11d134-4cfd-484c-80dd-5461ab93e600,50,Latency (s),0.0
351,payment#6f11d134-4cfd-484c-80dd-5461ab93e600,51,CPU Usage (%),0.0
751,payment#6f11d134-4cfd-484c-80dd-5461ab93e600,51,Memory Usage (%),0.0
1151,payment#6f11d134-4cfd-484c-80dd-5461ab93e600,51,Latency (s),0.0
352,payment#6f11d134-4cfd-484c-80dd-5461ab93e600,52,CPU Usage (%),0.0
752,payment#6f11d134-4cfd-484c-80dd-5461ab93e600,52,Memory Usage (%),0.0
1152,payment#6f11d134-4cfd-484c-80dd-5461ab93e600,52,Latency (s),0.0
353,payment#6f11d134-4cfd-484c-80dd-5461ab93e600,53,CPU Usage (%),0.0
753,payment#6f11d134-4cfd-484c-80dd-5461ab93e600,53,Memory Usage (%),0.0
1153,payment#6f11d134-4cfd-484c-80dd-5461ab93e600,53,Latency (s),0.0
354,payment#6f11d134-4cfd-484c-80dd-5461ab93e600,54,CPU Usage (%),0.0
754,payment#6f11d134-4cfd-484c-80dd-5461ab93e600,54,Memory Usage (%),0.0
1154,payment#6f11d134-4cfd-484c-80dd-5461ab93e600,54,Latency (s),0.0
355,payment#6f11d134-4cfd-484c-80dd-5461ab93e600,55,CPU Usage (%),0.0
755,payment#6f11d134-4cfd-484c-80dd-5461ab93e600,55,Memory Usage (%),0.0
1155,payment#6f11d134-4cfd-484c-80dd-5461ab93e600,55,Latency (s),0.0
356,payment#6f11d134-4cfd-484c-80dd-5461ab93e600,56,CPU Usage (%),0.0
756,payment#6f11d134-4cfd-484c-80dd-5461ab93e600,56,Memory Usage (%),0.0
1156,payment#6f11d134-4cfd-484c-80dd-5461ab93e600,56,Latency (s),0.0
357,payment#6f11d134-4cfd-484c-80dd-5461ab93e600,57,CPU Usage (%),0.0
757,payment#6f11d134-4cfd-484c-80dd-5461ab93e600,57,Memory Usage (%),0.0
1157,payment#6f11d134-4cfd-484c-80dd-5461ab93e600,57,Latency (s),0.0
358,payment#6f11d134-4cfd-484c-80dd-5461ab93e600,58,CPU Usage (%),0.0
758,payment#6f11d134-4cfd-484c-80dd-5461ab93e600,58,Memory Usage (%),0.0
1158,payment#6f11d134-4cfd-484c-80dd-5461ab93e600,58,Latency (s),0.0
359,payment#6f11d134-4cfd-484c-80dd-5461ab93e600,59,CPU Usage (%),0.0
759,payment#6f11d134-4cfd-484c-80dd-5461ab93e600,59,Memory Usage (%),0.0
1159,payment#6f11d134-4cfd-484c-80dd-5461ab93e600,59,Latency (s),0.0
360,payment#6f11d134-4cfd-484c-80dd-5461ab93e600,60,CPU Usage (%),0.0
760,payment#6f11d134-4cfd-484c-80dd-5461ab93e600,60,Memory Usage (%),0.0
1160,payment#6f11d134-4cfd-484c-80dd-5461ab93e600,60,Latency (s),0.0
361,payment#6f11d134-4cfd-484c-80dd-5461ab93e600,61,CPU Usage (%),0.0
761,payment#6f11d134-4cfd-484c-80dd-5461ab93e600,61,Memory Usage (%),0.0
1161,payment#6f11d134-4cfd-484c-80dd-5461ab93e600,61,Latency (s),0.0
362,payment#6f11d134-4cfd-484c-80dd-5461ab93e600,62,CPU Usage (%),0.0
762,payment#6f11d134-4cfd-484c-80dd-5461ab93e600,62,Memory Usage (%),0.0
1162,payment#6f11d134-4cfd-484c-80dd-5461ab93e600,62,Latency (s),0.0
363,payment#6f11d134-4cfd-484c-80dd-5461ab93e600,63,CPU Usage (%),0.0
763,payment#6f11d134-4cfd-484c-80dd-5461ab93e600,63,Memory Usage (%),0.0
1163,payment#6f11d134-4cfd-484c-80dd-5461ab93e600,63,Latency (s),0.0
364,payment#6f11d134-4cfd-484c-80dd-5461ab93e600,64,CPU Usage (%),0.0
764,payment#6f11d134-4cfd-484c-80dd-5461ab93e600,64,Memory Usage (%),0.0
1164,payment#6f11d134-4cfd-484c-80dd-5461ab93e600,64,Latency (s),0.0
365,payment#6f11d134-4cfd-484c-80dd-5461ab93e600,65,CPU Usage (%),0.0
765,payment#6f11d134-4cfd-484c-80dd-5461ab93e600,65,Memory Usage (%),0.0
1165,payment#6f11d134-4cfd-484c-80dd-5461ab93e600,65,Latency (s),0.0
366,payment#6f11d134-4cfd-484c-80dd-5461ab93e600,66,CPU Usage (%),0.0
766,payment#6f11d134-4cfd-484c-80dd-5461ab93e600,66,Memory Usage (%),0.0
1166,payment#6f11d134-4cfd-484c-80dd-5461ab93e600,66,Latency (s),0.0
367,payment#6f11d134-4cfd-484c-80dd-5461ab93e600,67,CPU Usage (%),0.0
767,payment#6f11d134-4cfd-484c-80dd-5461ab93e600,67,Memory Usage (%),0.0
1167,payment#6f11d134-4cfd-484c-80dd-5461ab93e600,67,Latency (s),0.0
368,payment#6f11d134-4cfd-484c-80dd-5461ab93e600,68,CPU Usage (%),0.0
768,payment#6f11d134-4cfd-484c-80dd-5461ab93e600,68,Memory Usage (%),0.0
1168,payment#6f11d134-4cfd-484c-80dd-5461ab93e600,68,Latency (s),0.0
369,payment#6f11d134-4cfd-484c-80dd-5461ab93e600,69,CPU Usage (%),0.0
769,payment#6f11d134-4cfd-484c-80dd-5461ab93e600,69,Memory Usage (%),0.0
1169,payment#6f11d134-4cfd-484c-80dd-5461ab93e600,69,Latency (s),0.0
370,payment#6f11d134-4cfd-484c-80dd-5461ab93e600,70,CPU Usage (%),0.0
770,payment#6f11d134-4cfd-484c-80dd-5461ab93e600,70,Memory Usage (%),0.0
1170,payment#6f11d134-4cfd-484c-80dd-5461ab93e600,70,Latency (s),0.0
371,payment#6f11d134-4cfd-484c-80dd-5461ab93e600,71,CPU Usage (%),0.0
771,payment#6f11d134-4cfd-484c-80dd-5461ab93e600,71,Memory Usage (%),0.0
1171,payment#6f11d134-4cfd-484c-80dd-5461ab93e600,71,Latency (s),0.0
372,payment#6f11d134-4cfd-484c-80dd-5461ab93e600,72,CPU Usage (%),0.0
772,payment#6f11d134-4cfd-484c-80dd-5461ab93e600,72,Memory Usage (%),0.0
1172,payment#6f11d134-4cfd-484c-80dd-5461ab93e600,72,Latency (s),0.0
373,payment#6f11d134-4cfd-484c-80dd-5461ab93e600,73,CPU Usage (%),0.0
773,payment#6f11d134-4cfd-484c-80dd-5461ab93e600,73,Memory Usage (%),0.0
1173,payment#6f11d134-4cfd-484c-80dd-5461ab93e600,73,Latency (s),0.0
374,payment#6f11d134-4cfd-484c-80dd-5461ab93e600,74,CPU Usage (%),0.0
774,payment#6f11d134-4cfd-484c-80dd-5461ab93e600,74,Memory Usage (%),0.0
1174,payment#6f11d134-4cfd-484c-80dd-5461ab93e600,74,Latency (s),0.0
375,payment#6f11d134-4cfd-484c-80dd-5461ab93e600,75,CPU Usage (%),0.0
775,payment#6f11d134-4cfd-484c-80dd-5461ab93e600,75,Memory Usage (%),0.0
1175,payment#6f11d134-4cfd-484c-80dd-5461ab93e600,75,Latency (s),0.0
376,payment#6f11d134-4cfd-484c-80dd-5461ab93e600,76,CPU Usage (%),0.0
776,payment#6f11d134-4cfd-484c-80dd-5461ab93e600,76,Memory Usage (%),0.0
1176,payment#6f11d134-4cfd-484c-80dd-5461ab93e600,76,Latency (s),0.0
377,payment#6f11d134-4cfd-484c-80dd-5461ab93e600,77,CPU Usage (%),0.0
777,payment#6f11d134-4cfd-484c-80dd-5461ab93e600,77,Memory Usage (%),0.0
1177,payment#6f11d134-4cfd-484c-80dd-5461ab93e600,77,Latency (s),0.0
378,payment#6f11d134-4cfd-484c-80dd-5461ab93e600,78,CPU Usage (%),0.0
778,payment#6f11d134-4cfd-484c-80dd-5461ab93e600,78,Memory Usage (%),0.0
1178,payment#6f11d134-4cfd-484c-80dd-5461ab93e600,78,Latency (s),0.0
379,payment#6f11d134-4cfd-484c-80dd-5461ab93e600,79,CPU Usage (%),0.0
779,payment#6f11d134-4cfd-484c-80dd-5461ab93e600,79,Memory Usage (%),0.0
1179,payment#6f11d134-4cfd-484c-80dd-5461ab93e600,79,Latency (s),0.0
380,payment#6f11d134-4cfd-484c-80dd-5461ab93e600,80,CPU Usage (%),0.0
780,payment#6f11d134-4cfd-484c-80dd-5461ab93e600,80,Memory Usage (%),0.0
1180,payment#6f11d134-4cfd-484c-80dd-5461ab93e600,80,Latency (s),0.0
381,payment#6f11d134-4cfd-484c-80dd-5461ab93e600,81,CPU Usage (%),0.0
781,payment#6f11d134-4cfd-484c-80dd-5461ab93e600,81,Memory Usage (%),0.0
1181,payment#6f11d134-4cfd-484c-80dd-5461ab93e600,81,Latency (s),0.0
382,payment#6f11d134-4cfd-484c-80dd-5461ab93e600,82,CPU Usage (%),0.0
782,payment#6f11d134-4cfd-484c-80dd-5461ab93e600,82,Memory Usage (%),0.0
1182,payment#6f11d134-4cfd-484c-80dd-5461ab93e600,82,Latency (s),0.0
383,payment#6f11d134-4cfd-484c-80dd-5461ab93e600,83,CPU Usage (%),0.0
783,payment#6f11d134-4cfd-484c-80dd-5461ab93e600,83,Memory Usage (%),0.0
1183,payment#6f11d134-4cfd-484c-80dd-5461ab93e600,83,Latency (s),0.0
384,payment#6f11d134-4cfd-484c-80dd-5461ab93e600,84,CPU Usage (%),0.0
784,payment#6f11d134-4cfd-484c-80dd-5461ab93e600,84,Memory Usage (%),0.0
1184,payment#6f11d134-4cfd-484c-80dd-5461ab93e600,84,Latency (s),0.0
385,payment#6f11d134-4cfd-484c-80dd-5461ab93e600,85,CPU Usage (%),0.0
785,payment#6f11d134-4cfd-484c-80dd-5461ab93e600,85,Memory Usage (%),0.0
1185,payment#6f11d134-4cfd-484c-80dd-5461ab93e600,85,Latency (s),0.0
386,payment#6f11d134-4cfd-484c-80dd-5461ab93e600,86,CPU Usage (%),0.0
786,payment#6f11d134-4cfd-484c-80dd-5461ab93e600,86,Memory Usage (%),0.0
1186,payment#6f11d134-4cfd-484c-80dd-5461ab93e600,86,Latency (s),0.0
387,payment#6f11d134-4cfd-484c-80dd-5461ab93e600,87,CPU Usage (%),0.0
787,payment#6f11d134-4cfd-484c-80dd-5461ab93e600,87,Memory Usage (%),0.0
1187,payment#6f11d134-4cfd-484c-80dd-5461ab93e600,87,Latency (s),0.0
388,payment#6f11d134-4cfd-484c-80dd-5461ab93e600,88,CPU Usage (%),0.0
788,payment#6f11d134-4cfd-484c-80dd-5461ab93e600,88,Memory Usage (%),0.0
1188,payment#6f11d134-4cfd-484c-80dd-5461ab93e600,88,Latency (s),0.0
389,payment#6f11d134-4cfd-484c-80dd-5461ab93e600,89,CPU Usage (%),0.0
789,payment#6f11d134-4cfd-484c-80dd-5461ab93e600,89,Memory Usage (%),0.0
1189,payment#6f11d134-4cfd-484c-80dd-5461ab93e600,89,Latency (s),0.0
390,payment#6f11d134-4cfd-484c-80dd-5461ab93e600,90,CPU Usage (%),0.0
790,payment#6f11d134-4cfd-484c-80dd-5461ab93e600,90,Memory Usage (%),0.0
1190,payment#6f11d134-4cfd-484c-80dd-5461ab93e600,90,Latency (s),0.0
391,payment#6f11d134-4cfd-484c-80dd-5461ab93e600,91,CPU Usage (%),0.0
791,payment#6f11d134-4cfd-484c-80dd-5461ab93e600,91,Memory Usage (%),0.0
1191,payment#6f11d134-4cfd-484c-80dd-5461ab93e600,91,Latency (s),0.0
392,payment#6f11d134-4cfd-484c-80dd-5461ab93e600,92,CPU Usage (%),0.0
792,payment#6f11d134-4cfd-484c-80dd-5461ab93e600,92,Memory Usage (%),0.0
1192,payment#6f11d134-4cfd-484c-80dd-5461ab93e600,92,Latency (s),0.0
393,payment#6f11d134-4cfd-484c-80dd-5461ab93e600,93,CPU Usage (%),0.0
793,payment#6f11d134-4cfd-484c-80dd-5461ab93e600,93,Memory Usage (%),0.0
1193,payment#6f11d134-4cfd-484c-80dd-5461ab93e600,93,Latency (s),0.0
394,payment#6f11d134-4cfd-484c-80dd-5461ab93e600,94,CPU Usage (%),0.0
794,payment#6f11d134-4cfd-484c-80dd-5461ab93e600,94,Memory Usage (%),0.0
1194,payment#6f11d134-4cfd-484c-80dd-5461ab93e600,94,Latency (s),0.0
395,payment#6f11d134-4cfd-484c-80dd-5461ab93e600,95,CPU Usage (%),0.0
795,payment#6f11d134-4cfd-484c-80dd-5461ab93e600,95,Memory Usage (%),0.0
1195,payment#6f11d134-4cfd-484c-80dd-5461ab93e600,95,Latency (s),0.0
396,payment#6f11d134-4cfd-484c-80dd-5461ab93e600,96,CPU Usage (%),0.0
796,payment#6f11d134-4cfd-484c-80dd-5461ab93e600,96,Memory Usage (%),0.0
1196,payment#6f11d134-4cfd-484c-80dd-5461ab93e600,96,Latency (s),0.0
397,payment#6f11d134-4cfd-484c-80dd-5461ab93e600,97,CPU Usage (%),0.0
797,payment#6f11d134-4cfd-484c-80dd-5461ab93e600,97,Memory Usage (%),0.0
1197,payment#6f11d134-4cfd-484c-80dd-5461ab93e600,97,Latency (s),0.0
398,payment#6f11d134-4cfd-484c-80dd-5461ab93e600,98,CPU Usage (%),0.0
798,payment#6f11d134-4cfd-484c-80dd-5461ab93e600,98,Memory Usage (%),0.0
1198,payment#6f11d134-4cfd-484c-80dd-5461ab93e600,98,Latency (s),0.0
399,payment#6f11d134-4cfd-484c-80dd-5461ab93e600,99,CPU Usage (%),0.0
799,payment#6f11d134-4cfd-484c-80dd-5461ab93e600,99,Memory Usage (%),0.0
1199,payment#6f11d134-4cfd-484c-80dd-5461ab93e600,99,Latency (s),0.0
